GEOID,FarP,RucaRural,RucaSuburban,RucaUrban,CdcRurality
01001,0.0,0,5,7,3
01003,0.0,14,7,11,4
01005,0.0,9,0,0,6
01007,0.0,0,4,0,2
01009,0.0,5,4,0,2
01011,0.0,0,3,0,6
01013,0.0,7,2,0,6
01015,0.0,1,9,21,4
01017,0.0,2,7,0,5
01019,0.0,3,3,0,6
01021,0.0,6,3,0,2
01023,100.0,4,0,0,6
01025,87.5,8,1,0,6
01027,0.0,2,2,0,6
01029,0.0,1,3,0,6
01031,14.285714285714286,8,6,0,5
01033,0.0,0,5,9,4
01035,60.0,5,0,0,6
01037,0.0,3,0,0,5
01039,50.0,13,1,0,6
01041,23.076923076923077,2,4,0,6
01043,0.0,14,4,0,5
01045,0.0,2,11,1,5
01047,20.0,7,8,0,5
01049,0.0,13,1,0,6
01051,0.0,1,7,7,3
01053,28.571428571428573,9,0,0,6
01055,0.0,3,5,22,4
01057,12.5,4,1,0,6
01059,0.0,4,5,0,6
01061,0.0,1,5,0,4
01063,0.0,0,3,0,6
01065,14.285714285714286,0,6,0,4
01067,0.0,1,5,0,4
01069,0.0,0,7,15,4
01071,0.0,5,6,0,5
01073,0.0,0,7,156,1
01075,55.55555555555556,3,0,0,6
01077,0.0,2,7,13,4
01079,0.0,3,6,0,4
01081,0.0,0,4,23,4
01083,0.0,4,9,3,3
01085,0.0,0,4,0,3
01087,0.0,7,5,0,6
01089,0.0,0,7,66,3
01091,76.92307692307692,6,0,0,6
01093,16.666666666666668,8,0,0,6
01095,0.0,5,13,0,5
01097,0.0,2,11,102,3
01099,80.0,6,1,0,6
01101,0.0,0,10,55,3
01103,0.0,1,7,19,4
01105,20.0,3,0,0,6
01107,0.0,1,4,0,4
01109,0.0,2,6,0,5
01111,0.0,6,0,0,6
01113,0.0,0,4,9,3
01115,0.0,2,10,1,2
01117,0.0,1,8,39,2
01119,37.5,4,0,0,6
01121,0.0,8,13,1,5
01123,0.0,8,2,0,6
01125,0.0,0,9,38,4
01127,0.0,3,15,0,2
01129,36.36363636363637,2,3,0,6
01131,90.9090909090909,4,0,0,6
01133,0.0,6,1,0,6
02013,100.0,1,0,0,6
02016,100.0,2,0,0,6
02020,0.0,0,7,48,3
02050,100.0,3,0,0,6
02060,100.0,1,0,0,6
02068,100.0,1,0,0,6
02070,100.0,2,0,0,6
02090,0.0,1,4,14,4
02100,100.0,1,0,0,6
02110,100.0,0,6,0,5
02122,100.0,13,0,0,6
02150,100.0,5,0,0,6
02164,100.0,1,0,0,6
02170,57.142857142857146,11,13,0,3
02180,100.0,2,0,0,6
02185,100.0,3,0,0,6
02188,100.0,2,0,0,6
02220,100.0,2,0,0,6
02240,100.0,2,0,0,6
02261,100.0,3,0,0,6
02270,100.0,1,0,0,6
02282,100.0,1,0,0,6
02290,93.10344827586206,4,0,0,6
04001,100.0,14,2,0,6
04003,17.647058823529413,12,8,12,4
04005,64.70588235294117,10,3,15,4
04007,55.55555555555556,4,12,0,5
04009,85.71428571428571,3,6,0,5
04011,100.0,3,0,0,6
04012,80.0,8,1,0,6
04013,0.0,11,59,846,1
04015,26.31578947368421,8,23,12,4
04017,95.0,27,4,0,5
04019,4.25531914893617,5,27,209,3
04021,0.0,11,24,40,2
04023,0.0,2,8,0,5
04025,7.407407407407407,12,12,18,4
04027,0.0,4,11,40,4
05001,45.45454545454545,8,0,0,6
05003,55.55555555555556,7,0,0,6
05005,100.0,5,4,0,5
05007,0.0,1,10,38,3
05009,40.0,4,3,0,5
05011,75.0,5,0,0,6
05013,50.0,2,0,0,5
05015,0.0,5,0,0,6
05017,80.0,4,0,0,6
05019,0.0,2,3,0,5
05021,8.333333333333334,6,0,0,6
05023,25.0,7,0,0,6
05025,0.0,0,2,0,4
05027,28.571428571428573,3,2,0,5
05029,0.0,5,1,0,6
05031,0.0,1,3,13,4
05033,0.0,0,4,7,3
05035,0.0,0,4,16,2
05037,0.0,5,1,0,6
05039,0.0,3,0,0,6
05041,37.5,5,0,0,6
05043,37.5,5,0,0,6
05045,0.0,0,9,16,3
05047,0.0,1,2,0,6
05049,100.0,2,0,0,6
05051,0.0,2,3,15,4
05053,0.0,1,3,0,3
05055,0.0,4,5,0,5
05057,0.0,5,0,0,6
05059,0.0,1,6,0,5
05061,16.666666666666668,3,0,0,6
05063,36.8421052631579,4,4,0,5
05065,100.0,4,0,0,6
05067,0.0,5,0,0,6
05069,0.0,2,4,18,4
05071,10.0,6,0,0,6
05073,0.0,2,0,0,6
05075,0.0,5,1,0,6
05077,37.5,4,0,0,6
05079,0.0,1,3,0,4
05081,0.0,4,0,0,4
05083,0.0,5,1,0,6
05085,0.0,3,5,8,3
05087,0.0,0,4,0,3
05089,90.9090909090909,4,0,0,6
05091,0.0,0,3,9,4
05093,0.0,7,5,0,5
05095,40.0,3,0,0,6
05097,0.0,3,0,0,6
05099,0.0,3,0,0,6
05101,69.23076923076923,2,0,0,5
05103,71.42857142857143,3,3,0,5
05105,0.0,1,2,0,3
05107,75.0,2,4,0,5
05109,0.0,3,0,0,6
05111,0.0,2,5,0,4
05113,100.0,6,0,0,6
05115,18.181818181818183,6,5,0,5
05117,0.0,2,1,0,6
05119,0.0,1,8,86,3
05121,11.11111111111111,4,0,0,6
05123,0.0,2,4,0,5
05125,0.0,1,5,15,3
05127,33.333333333333336,2,1,0,6
05129,100.0,3,0,0,6
05131,0.0,0,6,20,3
05133,25.0,4,0,0,6
05135,66.66666666666667,4,0,0,6
05137,87.5,3,0,0,6
05139,62.5,5,5,0,5
05141,20.0,4,1,0,6
05143,0.0,0,7,25,3
05145,0.0,5,8,0,5
05147,0.0,2,0,0,6
05149,60.0,4,2,0,5
06001,0.0,1,16,344,1
06003,50.0,1,0,0,6
06005,0.0,9,0,0,6
06007,0.0,6,22,23,4
06009,7.142857142857143,10,0,0,6
06011,16.666666666666668,5,0,0,6
06013,0.0,5,0,203,2
06015,100.0,3,5,0,5
06017,0.0,3,26,14,2
06019,1.7857142857142858,15,35,149,3
06021,0.0,5,1,0,6
06023,100.0,11,20,0,5
06025,0.0,3,11,17,4
06027,87.5,6,0,0,6
06029,6.122448979591836,19,30,102,3
06031,0.0,4,8,15,4
06033,8.333333333333334,3,12,0,5
06035,69.23076923076923,5,4,0,5
06037,0.33557046979865773,18,81,2247,1
06039,0.0,7,5,11,4
06041,0.0,4,2,50,2
06043,25.0,6,0,0,6
06045,73.07692307692308,11,10,0,5
06047,0.0,7,8,34,3
06049,100.0,4,0,0,6
06051,75.0,3,0,0,6
06053,0.0,4,15,75,3
06055,0.0,10,1,29,4
06057,0.0,10,10,0,5
06059,0.0,1,1,581,1
06061,0.0,7,20,58,2
06063,56.25,6,1,0,6
06065,2.7027027027027026,9,21,423,1
06067,0.0,1,14,302,1
06069,16.666666666666668,3,8,0,2
06071,8.791208791208792,21,35,313,2
06073,0.0,4,16,608,1
06075,0.0,2,0,195,1
06077,0.0,9,2,128,3
06079,0.0,7,10,37,3
06081,0.0,3,5,150,2
06083,0.0,4,6,80,3
06085,0.0,1,21,350,1
06087,0.0,1,4,48,3
06089,14.814814814814815,2,13,33,4
06091,33.333333333333336,1,0,0,6
06093,47.61904761904762,14,0,0,6
06095,0.0,3,4,89,3
06097,0.0,4,20,76,3
06099,0.0,3,9,82,3
06101,0.0,1,5,15,4
06103,0.0,6,5,0,5
06105,53.84615384615385,5,0,0,6
06107,3.225806451612903,9,15,54,3
06109,7.6923076923076925,4,7,0,5
06111,0.0,7,9,158,3
06113,0.0,2,1,38,2
06115,0.0,1,5,8,4
08001,0.0,1,2,94,2
08003,100.0,4,0,0,6
08005,0.0,0,2,145,2
08007,33.333333333333336,4,0,0,6
08009,100.0,2,0,0,6
08011,83.33333333333333,1,0,0,6
08013,0.0,2,4,62,3
08015,100.0,5,0,0,6
08017,100.0,1,0,0,6
08019,0.0,1,2,0,2
08021,100.0,2,0,0,6
08023,100.0,2,0,0,6
08025,0.0,1,0,0,6
08027,20.0,1,0,0,6
08029,37.5,7,0,0,6
08031,0.0,1,0,143,1
08033,100.0,1,0,0,6
08035,0.0,0,8,53,2
08037,100.0,9,5,0,5
08039,0.0,1,6,0,2
08041,0.0,2,8,120,3
08043,33.333333333333336,5,9,0,5
08045,44.44444444444444,6,5,0,5
08047,0.0,0,1,0,2
08049,55.55555555555556,3,0,0,6
08051,100.0,4,0,0,6
08053,100.0,1,0,0,6
08055,25.0,2,0,0,6
08057,100.0,1,0,0,6
08059,0.0,1,13,124,2
08061,100.0,1,0,0,6
08063,100.0,3,0,0,6
08065,100.0,2,0,0,6
08067,16.666666666666668,6,4,0,5
08069,0.0,4,5,64,3
08071,72.72727272727273,6,0,0,6
08073,50.0,2,0,0,6
08075,100.0,2,4,0,5
08077,5.882352941176471,1,3,25,4
08079,100.0,1,0,0,6
08081,100.0,1,3,0,5
08083,100.0,7,0,0,6
08085,72.72727272727273,5,5,0,5
08087,20.0,4,4,0,5
08089,20.0,7,0,0,6
08091,100.0,1,0,0,6
08093,50.0,3,2,0,2
08095,100.0,2,0,0,6
08097,100.0,4,0,0,5
08099,100.0,5,0,0,6
08101,0.0,1,4,50,4
08103,66.66666666666667,2,0,0,6
08105,100.0,3,0,0,6
08107,100.0,4,4,0,5
08109,100.0,2,0,0,6
08111,100.0,1,0,0,6
08113,100.0,4,0,0,6
08115,100.0,1,0,0,6
08117,25.0,2,3,0,5
08119,0.0,2,4,0,3
08121,81.81818181818181,2,0,0,6
08123,7.6923076923076925,15,15,47,3
08125,100.0,2,0,0,6
09001,0.0,1,3,207,3
09003,0.0,1,4,219,1
09005,0.0,14,21,16,5
09007,0.0,1,7,29,2
09009,0.0,1,0,189,3
09011,0.0,2,13,51,3
09013,0.0,0,12,17,2
09015,0.0,5,13,7,3
10001,0.0,1,9,23,4
10003,0.0,2,7,122,2
10005,0.0,21,25,8,3
11001,0.0,0,0,179,1
12001,0.0,0,12,44,3
12003,0.0,0,4,0,2
12005,0.0,1,4,39,4
12007,0.0,1,3,0,6
12009,0.0,2,4,108,3
12011,0.0,1,1,360,2
12013,0.0,1,2,0,6
12015,0.0,1,1,37,4
12017,0.0,4,4,20,4
12019,0.0,1,6,23,2
12021,0.0,1,6,67,3
12023,0.0,5,7,0,5
12027,0.0,5,3,1,5
12029,50.0,2,2,0,6
12031,0.0,1,3,170,1
12033,0.0,1,3,68,3
12035,0.0,1,2,18,3
12037,20.0,5,1,0,6
12039,0.0,0,9,0,3
12041,0.0,1,4,0,3
12043,0.0,4,0,0,6
12045,0.0,3,1,0,4
12047,0.0,2,1,0,6
12049,0.0,2,4,0,5
12051,0.0,3,4,0,5
12053,0.0,3,7,35,2
12055,0.0,4,6,17,4
12057,0.0,6,9,306,1
12059,0.0,4,0,0,6
12061,0.0,2,1,28,4
12063,0.0,10,1,0,6
12065,0.0,1,3,0,3
12067,0.0,2,0,0,6
12069,0.0,1,6,49,2
12071,0.0,6,9,152,3
12073,0.0,0,7,61,3
12075,0.0,5,5,0,6
12077,0.0,0,2,0,6
12079,0.0,2,3,0,6
12081,0.0,1,3,75,3
12083,0.0,4,18,41,3
12085,0.0,2,2,32,3
12086,0.0,6,1,512,1
12087,50.0,14,17,0,5
12089,0.0,1,12,0,2
12091,0.0,4,6,33,4
12093,0.0,4,8,0,5
12095,0.0,1,1,205,1
12097,0.0,0,8,33,2
12099,0.0,8,10,320,2
12101,0.0,1,6,127,2
12103,0.0,2,1,243,1
12105,0.0,6,23,125,3
12107,0.0,9,8,0,5
12109,0.0,2,5,34,2
12111,0.0,2,1,42,3
12113,0.0,1,3,22,3
12115,0.0,1,1,93,3
12117,0.0,0,1,85,2
12119,0.0,9,3,7,4
12121,0.0,6,1,0,6
12123,33.333333333333336,5,0,0,6
12125,0.0,2,1,0,6
12127,0.0,3,3,108,3
12129,0.0,1,4,0,3
12131,0.0,5,5,2,4
12133,0.0,3,4,0,6
13001,20.0,5,0,0,6
13003,25.0,3,0,0,6
13005,66.66666666666667,3,0,0,6
13007,0.0,0,2,0,4
13009,0.0,2,7,0,5
13011,0.0,3,1,0,6
13013,0.0,0,12,6,2
13015,0.0,0,4,11,2
13017,50.0,2,3,0,5
13019,0.0,1,5,0,6
13021,0.0,0,3,41,4
13023,0.0,1,2,0,6
13025,0.0,1,2,0,4
13027,0.0,1,4,0,4
13029,0.0,1,4,2,3
13031,27.272727272727273,2,10,0,5
13033,0.0,1,5,0,3
13035,0.0,0,3,0,2
13037,0.0,0,2,0,6
13039,0.0,2,9,0,5
13043,33.333333333333336,3,0,0,6
13045,0.0,4,9,4,2
13047,0.0,0,3,8,3
13049,0.0,0,2,0,6
13051,0.0,2,1,69,3
13053,0.0,1,1,3,3
13055,0.0,1,5,0,5
13057,0.0,0,3,23,2
13059,0.0,0,0,30,4
13061,0.0,1,0,0,6
13063,0.0,1,0,49,2
13065,0.0,2,0,0,6
13067,0.0,0,0,120,2
13069,40.0,4,5,0,5
13071,0.0,4,6,0,5
13073,0.0,0,3,17,3
13075,0.0,1,3,0,6
13077,0.0,0,7,13,2
13079,0.0,1,2,0,4
13081,0.0,1,5,0,5
13083,0.0,0,3,1,3
13085,0.0,0,2,1,2
13087,0.0,2,5,0,5
13089,0.0,1,0,144,2
13091,14.285714285714286,5,1,0,6
13093,0.0,2,1,0,6
13095,0.0,0,3,24,4
13097,0.0,0,2,18,2
13099,0.0,3,2,0,6
13101,0.0,1,1,0,4
13103,0.0,0,10,0,3
13105,0.0,3,2,0,6
13107,60.0,6,0,0,6
13109,0.0,3,0,0,6
13111,0.0,5,0,0,6
13113,0.0,0,2,18,2
13115,0.0,0,6,14,4
13117,0.0,0,1,44,2
13119,0.0,4,1,0,6
13121,0.0,2,0,202,1
13123,0.0,4,1,0,6
13125,0.0,1,0,0,6
13127,0.0,1,4,11,4
13129,0.0,4,5,0,5
13131,0.0,5,1,0,6
13133,0.0,5,2,0,6
13135,0.0,0,0,113,2
13137,0.0,2,6,0,5
13139,0.0,0,6,30,4
13141,0.0,2,0,0,5
13143,0.0,2,3,0,2
13145,0.0,0,5,0,3
13147,0.0,5,0,0,6
13149,0.0,2,1,0,2
13151,0.0,0,0,25,2
13153,0.0,0,1,22,4
13155,22.22222222222222,2,0,0,6
13157,0.0,4,5,2,5
13159,0.0,0,3,0,2
13161,83.33333333333333,3,0,0,6
13163,0.0,4,0,0,6
13165,40.0,1,1,0,6
13167,66.66666666666667,3,0,0,5
13169,0.0,0,5,1,4
13171,0.0,0,3,0,2
13173,0.0,0,2,0,4
13175,30.76923076923077,6,7,0,5
13177,0.0,0,2,3,4
13179,0.0,1,3,11,4
13181,0.0,0,2,0,3
13183,0.0,1,2,0,4
13185,0.0,0,4,21,4
13187,0.0,2,2,0,6
13189,0.0,4,1,0,3
13191,0.0,2,3,0,4
13193,0.0,2,2,0,6
13195,0.0,0,6,0,4
13197,0.0,0,2,0,3
13199,0.0,2,2,0,2
13201,0.0,3,0,0,6
13205,0.0,4,1,0,6
13207,0.0,1,4,0,4
13209,100.0,3,0,0,5
13211,0.0,1,4,0,2
13213,0.0,0,6,2,4
13215,0.0,0,0,53,3
13217,0.0,0,4,9,2
13219,0.0,0,3,3,4
13221,0.0,0,4,0,4
13223,0.0,0,2,17,2
13225,0.0,0,5,1,4
13227,0.0,2,4,0,2
13229,16.666666666666668,4,0,0,5
13231,0.0,0,4,0,2
13233,0.0,1,6,0,5
13235,0.0,0,3,0,4
13237,0.0,4,1,0,6
13239,0.0,1,0,0,6
13241,0.0,5,0,0,6
13243,0.0,1,1,0,6
13245,0.0,0,2,45,3
13247,0.0,0,0,15,2
13249,0.0,2,0,0,5
13251,25.0,4,1,0,6
13253,0.0,2,1,0,6
13255,0.0,0,4,8,2
13257,0.0,2,3,0,5
13259,0.0,1,1,0,6
13261,0.0,3,5,0,5
13263,0.0,0,3,0,6
13265,0.0,1,0,0,6
13267,0.0,4,1,0,6
13269,0.0,1,2,0,6
13271,80.0,3,0,0,6
13273,0.0,0,4,0,4
13275,0.0,5,6,0,5
13277,0.0,5,4,0,5
13279,66.66666666666667,2,4,0,5
13281,0.0,3,0,0,6
13283,100.0,2,0,0,6
13285,0.0,4,10,0,5
13287,0.0,2,0,0,6
13289,0.0,0,2,0,4
13291,0.0,6,0,0,6
13293,0.0,3,4,0,5
13295,0.0,2,4,7,3
13297,0.0,1,6,8,2
13299,16.666666666666668,1,8,0,5
13301,0.0,2,0,0,6
13303,20.0,5,0,0,6
13305,0.0,3,3,0,5
13307,0.0,0,2,0,6
13309,100.0,2,0,0,6
13311,0.0,1,4,0,6
13313,0.0,0,4,14,4
13315,0.0,4,0,0,6
13317,0.0,4,0,0,6
13319,0.0,2,1,0,6
13321,0.0,1,4,0,4
15001,100.0,33,17,0,5
15003,2.857142857142857,6,37,201,3
15005,100.0,2,0,0,4
15007,100.0,11,6,0,5
15009,42.857142857142854,9,19,10,4
16001,0.0,0,3,56,3
16003,100.0,2,0,0,6
16005,0.0,0,4,18,4
16007,57.142857142857146,2,0,0,6
16009,14.285714285714286,2,0,0,6
16011,0.0,2,6,0,5
16013,100.0,2,2,0,5
16015,25.0,0,1,0,3
16017,26.666666666666668,6,3,0,5
16019,9.090909090909092,0,2,19,4
16021,100.0,2,0,0,6
16023,100.0,1,0,0,4
16025,100.0,1,0,0,5
16027,0.0,1,4,24,3
16029,25.0,2,0,0,6
16031,75.0,3,3,0,5
16033,0.0,1,0,0,6
16035,42.857142857142854,2,0,0,6
16037,100.0,1,0,0,6
16039,0.0,2,3,0,5
16041,0.0,2,0,0,4
16043,12.5,3,0,0,5
16045,16.666666666666668,0,3,0,3
16047,100.0,2,0,0,6
16049,76.92307692307692,5,0,0,6
16051,0.0,1,3,0,4
16053,100.0,2,3,0,5
16055,0.0,1,6,18,4
16057,20.0,2,5,0,5
16059,100.0,3,0,0,6
16061,14.285714285714286,2,1,0,6
16063,100.0,1,0,0,5
16065,0.0,2,4,0,5
16067,100.0,3,2,0,5
16069,0.0,0,2,8,4
16071,0.0,1,0,0,6
16073,20.0,1,2,0,3
16075,0.0,1,3,0,5
16077,0.0,1,1,0,6
16079,30.0,3,0,0,6
16081,20.0,1,0,0,5
16083,100.0,6,8,0,5
16085,100.0,3,0,0,6
16087,60.0,3,0,0,6
17001,100.0,5,13,0,5
17003,0.0,2,2,0,4
17005,0.0,3,1,0,2
17007,0.0,0,1,6,3
17009,66.66666666666667,2,0,0,6
17011,0.0,8,2,0,5
17013,0.0,1,1,0,2
17015,0.0,6,0,0,6
17017,0.0,4,1,0,6
17019,0.0,0,10,33,4
17021,0.0,5,5,0,5
17023,0.0,3,1,0,6
17025,100.0,4,0,0,6
17027,0.0,5,3,0,2
17029,0.0,3,9,0,5
17031,0.0,5,0,1314,1
17033,22.22222222222222,6,0,0,6
17035,0.0,3,0,0,5
17037,0.0,0,6,15,2
17039,0.0,2,3,0,4
17041,0.0,3,2,0,6
17043,0.0,0,0,216,2
17045,0.0,5,0,0,6
17047,0.0,3,0,0,6
17049,45.45454545454545,4,4,0,5
17051,18.181818181818183,7,0,0,6
17053,0.0,5,0,0,4
17055,0.0,11,1,0,6
17057,0.0,6,6,0,5
17059,0.0,2,0,0,6
17061,0.0,5,0,0,6
17063,0.0,1,7,2,2
17065,0.0,3,0,0,6
17067,100.0,6,1,0,5
17069,0.0,2,0,0,6
17071,80.0,3,0,0,5
17073,0.0,5,7,1,3
17075,0.0,6,3,0,6
17077,0.0,1,6,7,4
17079,46.666666666666664,3,0,0,6
17081,0.0,4,7,0,5
17083,0.0,2,4,0,2
17085,0.0,5,0,1,6
17087,0.0,1,3,0,6
17089,0.0,0,2,80,2
17091,0.0,2,6,21,4
17093,0.0,0,0,10,2
17095,0.0,4,12,0,5
17097,0.0,2,41,111,2
17099,0.0,8,20,0,5
17101,20.0,5,0,0,6
17103,0.0,5,4,0,5
17105,0.0,6,4,0,5
17107,0.0,3,5,0,5
17109,52.94117647058823,4,6,0,5
17111,0.0,2,22,28,2
17113,0.0,0,9,32,4
17115,0.0,0,4,30,4
17117,0.0,5,8,0,2
17119,0.0,0,8,53,2
17121,33.333333333333336,8,4,0,5
17123,0.0,3,2,0,3
17125,0.0,5,1,0,6
17127,0.0,4,0,0,5
17129,0.0,0,3,0,4
17131,0.0,2,2,0,3
17133,0.0,0,4,2,2
17135,0.0,7,1,0,6
17137,0.0,3,7,0,5
17139,0.0,2,2,0,6
17141,0.0,4,7,0,5
17143,0.0,0,5,43,3
17145,0.0,6,0,0,6
17147,0.0,1,3,0,4
17149,53.333333333333336,5,0,0,6
17151,0.0,2,0,0,6
17153,0.0,2,0,0,6
17155,0.0,2,0,0,5
17157,0.0,9,0,0,6
17159,75.0,5,0,0,6
17161,0.0,0,2,38,3
17163,0.0,0,5,55,2
17165,0.0,9,0,0,6
17167,0.0,0,5,48,4
17169,50.0,3,0,0,6
17171,0.0,2,0,0,5
17173,0.0,4,2,0,6
17175,0.0,0,2,0,3
17177,0.0,6,7,0,5
17179,0.0,1,4,25,3
17181,0.0,4,1,0,6
17183,0.0,1,6,17,4
17185,0.0,4,0,0,6
17187,12.5,5,0,0,6
17189,0.0,3,1,0,6
17191,40.0,5,0,0,6
17193,0.0,5,0,0,6
17195,0.0,8,10,0,5
17197,0.0,1,11,140,2
17199,0.0,0,3,12,4
17201,0.0,0,2,75,3
17203,0.0,3,5,1,3
18001,0.0,5,2,0,5
18003,0.0,0,9,87,3
18005,0.0,0,5,10,4
18007,0.0,2,1,0,4
18009,0.0,4,0,0,6
18011,0.0,0,6,4,2
18013,0.0,1,3,0,2
18015,0.0,2,5,0,4
18017,0.0,5,6,0,5
18019,0.0,0,6,20,2
18021,0.0,0,4,2,4
18023,0.0,3,5,0,5
18025,0.0,2,1,0,6
18027,0.0,4,3,0,5
18029,0.0,1,7,2,2
18031,0.0,3,3,0,5
18033,0.0,2,7,0,5
18035,0.0,0,3,27,4
18037,7.6923076923076925,4,3,0,5
18039,0.0,3,3,30,4
18041,0.0,3,4,0,5
18043,0.0,0,2,18,2
18045,0.0,4,1,0,6
18047,0.0,4,1,0,6
18049,0.0,6,0,0,6
18051,0.0,4,3,0,6
18053,0.0,4,12,0,5
18055,0.0,5,4,0,6
18057,0.0,0,0,39,2
18059,0.0,0,2,8,2
18061,0.0,2,4,0,2
18063,0.0,0,3,18,2
18065,0.0,3,10,0,5
18067,0.0,0,3,17,4
18069,0.0,3,6,0,5
18071,0.0,4,6,0,5
18073,0.0,3,5,0,2
18075,0.0,7,0,0,6
18077,0.0,2,5,0,5
18079,0.0,2,4,0,5
18081,0.0,0,1,21,2
18083,0.0,4,6,0,5
18085,0.0,13,6,0,5
18087,0.0,8,0,0,6
18089,0.0,1,3,114,2
18091,0.0,1,7,21,4
18093,0.0,4,6,0,5
18095,0.0,3,6,28,2
18097,0.0,0,0,224,1
18099,0.0,9,3,0,5
18101,0.0,3,0,0,6
18103,0.0,3,7,0,5
18105,0.0,0,6,25,4
18107,0.0,4,5,0,5
18109,0.0,0,8,5,2
18111,0.0,2,2,0,2
18113,0.0,7,3,0,5
18115,0.0,1,1,0,2
18117,0.0,5,1,0,6
18119,0.0,2,3,0,4
18121,0.0,2,2,0,6
18123,0.0,5,0,0,6
18125,0.0,4,0,0,5
18127,0.0,2,5,26,2
18129,0.0,4,3,0,3
18131,0.0,4,0,0,6
18133,0.0,2,5,0,2
18135,0.0,6,1,1,6
18137,0.0,5,1,0,6
18139,0.0,4,1,0,6
18141,0.0,1,5,69,3
18143,0.0,2,3,0,2
18145,0.0,2,8,0,2
18147,0.0,3,2,0,6
18149,0.0,7,0,0,6
18151,0.0,6,3,0,5
18153,0.0,3,2,0,4
18155,0.0,3,0,0,6
18157,0.0,0,3,34,4
18159,0.0,2,2,0,6
18161,0.0,2,0,0,2
18163,0.0,0,2,47,3
18165,0.0,1,4,0,4
18167,0.0,0,3,25,4
18169,0.0,5,3,0,5
18171,0.0,2,0,0,6
18173,0.0,0,4,7,3
18175,0.0,4,2,0,2
18177,0.0,7,10,0,5
18179,0.0,5,2,0,3
18181,0.0,5,3,0,6
18183,0.0,3,4,0,3
19001,7.142857142857143,3,0,0,6
19003,50.0,2,0,0,6
19005,30.0,5,0,0,6
19007,100.0,5,0,0,6
19009,36.36363636363637,3,0,0,6
19011,0.0,3,4,0,3
19013,0.0,0,3,35,4
19015,0.0,2,5,0,5
19017,0.0,6,2,0,4
19019,0.0,5,1,0,6
19021,85.71428571428571,4,2,0,5
19023,0.0,3,2,0,6
19025,84.61538461538461,4,0,0,6
19027,71.42857142857143,6,0,0,6
19029,0.0,5,0,0,6
19031,0.0,3,2,0,6
19033,81.25,5,6,0,5
19035,12.5,4,0,0,6
19037,10.0,4,0,0,6
19039,0.0,2,1,0,6
19041,100.0,2,2,0,5
19043,37.5,6,0,0,6
19045,0.0,4,8,0,5
19047,44.44444444444444,5,0,0,6
19049,0.0,2,7,6,3
19051,100.0,2,0,0,5
19053,12.5,3,0,0,6
19055,0.0,4,0,0,6
19057,50.0,3,8,0,5
19059,100.0,1,4,0,5
19061,0.0,2,5,19,4
19063,100.0,4,0,0,6
19065,27.272727272727273,7,0,0,6
19067,0.0,5,0,0,6
19069,21.428571428571427,3,0,0,6
19071,0.0,2,1,0,6
19073,0.0,4,0,0,6
19075,0.0,2,2,0,4
19077,5.882352941176471,2,1,0,3
19079,0.0,4,1,0,6
19081,92.85714285714286,4,0,0,6
19083,0.0,6,0,0,6
19085,0.0,1,4,0,3
19087,25.0,5,0,0,6
19089,9.090909090909092,3,0,0,6
19091,94.11764705882354,4,0,0,6
19093,25.0,3,0,0,6
19095,0.0,3,1,0,6
19097,0.0,5,1,0,6
19099,0.0,3,6,0,5
19101,57.142857142857146,2,2,0,5
19103,0.0,0,3,21,4
19105,0.0,3,2,0,3
19107,33.333333333333336,4,0,0,6
19109,100.0,6,0,0,6
19111,90.9090909090909,4,7,0,5
19113,0.0,0,5,40,3
19115,7.142857142857143,3,0,0,6
19117,25.0,4,0,0,6
19119,7.6923076923076925,3,0,0,6
19121,0.0,0,3,0,3
19123,23.529411764705884,3,4,0,5
19125,0.0,7,1,0,6
19127,0.0,4,6,0,5
19129,0.0,0,5,0,3
19131,8.333333333333334,3,0,0,6
19133,0.0,4,0,0,6
19135,42.857142857142854,3,0,0,6
19137,11.11111111111111,4,0,0,6
19139,0.0,2,8,0,5
19141,46.666666666666664,4,0,0,6
19143,66.66666666666667,2,0,0,6
19145,60.0,6,0,0,6
19147,100.0,4,0,0,6
19149,0.0,4,2,0,4
19151,100.0,3,0,0,6
19153,0.0,1,3,94,3
19155,0.0,2,5,23,3
19157,0.0,5,0,0,6
19159,100.0,2,0,0,6
19161,86.66666666666667,4,0,0,6
19163,0.0,0,5,42,3
19165,10.526315789473685,4,0,0,6
19167,5.882352941176471,7,0,0,6
19169,0.0,0,6,14,4
19171,0.0,4,2,0,6
19173,90.9090909090909,3,0,0,6
19175,50.0,4,0,0,6
19177,100.0,2,0,0,6
19179,81.81818181818181,3,8,0,5
19181,0.0,0,9,3,3
19183,0.0,4,1,0,4
19185,72.72727272727273,3,0,0,6
19187,31.818181818181817,4,8,0,5
19189,90.9090909090909,3,0,0,6
19191,54.54545454545455,5,0,0,6
19193,0.0,2,2,22,4
19195,80.0,3,0,0,5
19197,28.571428571428573,5,0,0,6
20001,91.66666666666667,5,0,0,6
20003,33.333333333333336,2,0,0,6
20005,0.0,1,3,0,5
20007,100.0,2,0,0,6
20009,100.0,3,5,0,5
20011,53.84615384615385,5,0,0,6
20013,0.0,3,0,0,6
20015,0.0,1,10,2,3
20017,0.0,1,0,0,6
20019,62.5,1,0,0,6
20021,0.0,4,2,0,6
20023,100.0,1,0,0,6
20025,100.0,1,0,0,6
20027,0.0,2,0,0,6
20029,83.33333333333333,4,0,0,6
20031,33.333333333333336,3,0,0,6
20033,100.0,1,0,0,6
20035,13.333333333333334,2,9,0,5
20037,0.0,3,8,0,5
20039,100.0,2,0,0,6
20041,0.0,6,0,0,6
20043,0.0,1,1,1,4
20045,0.0,1,4,17,4
20047,100.0,2,0,0,6
20049,60.0,1,0,0,6
20051,100.0,2,4,0,5
20053,88.88888888888889,2,0,0,6
20055,100.0,2,10,0,5
20057,100.0,2,5,0,5
20059,0.0,1,4,0,5
20061,0.0,0,8,0,5
20063,100.0,2,0,0,6
20065,100.0,2,0,0,6
20067,100.0,2,0,0,6
20069,100.0,2,0,0,6
20071,100.0,1,0,0,6
20073,57.142857142857146,2,1,0,6
20075,100.0,1,0,0,6
20077,33.333333333333336,3,0,0,6
20079,0.0,0,6,0,3
20081,100.0,1,0,0,6
20083,100.0,1,0,0,6
20085,0.0,1,2,0,4
20087,0.0,1,3,0,4
20089,100.0,2,0,0,6
20091,0.0,1,5,124,2
20093,100.0,1,0,0,5
20095,0.0,2,1,0,3
20097,100.0,1,0,0,6
20099,16.666666666666668,4,4,0,5
20101,100.0,1,0,0,6
20103,0.0,2,14,0,2
20105,100.0,1,0,0,6
20107,18.181818181818183,0,2,0,2
20109,100.0,1,0,0,6
20111,10.0,3,5,0,5
20113,0.0,4,3,0,5
20115,0.0,4,0,0,6
20117,20.0,4,0,0,6
20119,100.0,2,0,0,6
20121,0.0,0,8,0,2
20123,100.0,2,0,0,6
20125,57.142857142857146,8,5,0,5
20127,0.0,2,0,0,6
20129,100.0,1,0,0,6
20131,22.22222222222222,3,0,0,6
20133,54.54545454545455,5,0,0,6
20135,100.0,2,0,0,6
20137,100.0,1,0,0,6
20139,0.0,2,3,0,4
20141,100.0,1,0,0,6
20143,44.44444444444444,2,0,0,5
20145,100.0,2,0,0,6
20147,100.0,3,0,0,6
20149,0.0,3,1,0,4
20151,70.0,3,0,0,6
20153,100.0,1,0,0,6
20155,4.761904761904762,5,12,0,5
20157,100.0,3,0,0,6
20159,58.333333333333336,3,0,0,6
20161,0.0,1,2,11,4
20163,100.0,2,0,0,6
20165,100.0,2,0,0,6
20167,100.0,2,0,0,6
20169,33.333333333333336,2,10,0,5
20171,100.0,1,0,0,6
20173,0.0,0,5,119,3
20175,100.0,1,4,0,5
20177,0.0,0,3,40,4
20179,100.0,2,0,0,6
20181,100.0,2,0,0,6
20183,100.0,2,0,0,6
20185,100.0,2,0,0,6
20187,100.0,1,0,0,6
20189,100.0,2,0,0,6
20191,0.0,3,3,0,3
20193,100.0,2,0,0,6
20195,100.0,1,0,0,6
20197,0.0,1,1,0,4
20199,100.0,1,0,0,6
20201,42.857142857142854,2,0,0,6
20203,100.0,1,0,0,6
20205,100.0,4,0,0,6
20207,100.0,2,0,0,6
20209,0.0,3,1,66,2
21001,40.0,7,0,0,6
21003,0.0,5,1,0,4
21005,0.0,4,1,0,5
21007,0.0,3,0,0,5
21009,0.0,7,3,0,5
21011,0.0,3,0,0,5
21013,90.9090909090909,4,5,0,5
21015,0.0,1,3,18,2
21017,0.0,3,3,0,3
21019,0.0,0,2,11,3
21021,0.0,1,6,0,5
21023,0.0,0,3,0,2
21025,88.88888888888889,6,1,0,6
21027,0.0,5,1,0,6
21029,0.0,1,4,13,2
21031,0.0,1,4,0,4
21033,0.0,3,0,0,6
21035,90.0,4,5,0,5
21037,0.0,0,2,23,2
21039,75.0,3,0,0,6
21041,0.0,3,0,0,6
21043,0.0,2,5,0,6
21045,52.94117647058823,5,0,0,6
21047,0.0,7,8,4,3
21049,0.0,2,8,0,3
21051,100.0,6,0,0,6
21053,100.0,3,0,0,6
21055,16.666666666666668,4,0,0,6
21057,33.333333333333336,2,0,0,6
21059,0.0,0,5,18,4
21061,0.0,2,2,0,4
21063,20.0,1,1,0,6
21065,0.0,4,0,0,6
21067,0.0,0,4,78,3
21069,0.0,4,0,0,6
21071,96.875,10,0,0,6
21073,0.0,2,9,0,5
21075,100.0,2,0,0,5
21077,0.0,0,2,0,2
21079,0.0,4,0,0,6
21081,0.0,0,4,0,2
21083,100.0,6,3,0,5
21085,0.0,7,0,0,6
21087,0.0,4,0,0,6
21089,0.0,1,2,6,3
21091,0.0,1,2,0,4
21093,0.0,0,5,17,4
21095,41.666666666666664,11,0,0,6
21097,0.0,5,0,0,6
21099,0.0,5,0,0,6
21101,0.0,0,3,8,3
21103,0.0,0,5,0,2
21105,100.0,1,0,0,6
21107,0.0,5,7,0,5
21109,33.333333333333336,3,0,0,6
21111,0.0,1,1,189,1
21113,0.0,1,8,0,3
21115,11.764705882352942,6,0,0,6
21117,0.0,0,3,38,2
21119,100.0,5,0,0,6
21121,100.0,7,1,0,5
21123,0.0,3,1,0,4
21125,85.71428571428571,7,6,0,5
21127,0.0,2,3,0,6
21129,33.333333333333336,3,0,0,6
21131,100.0,3,0,0,6
21133,91.30434782608695,7,0,0,6
21135,0.0,4,0,0,6
21137,20.0,6,0,0,5
21139,62.5,2,0,0,5
21141,0.0,5,1,0,6
21143,0.0,3,0,0,6
21145,37.5,3,14,0,5
21147,85.71428571428571,4,0,0,6
21149,0.0,1,2,0,4
21151,0.0,5,14,0,5
21153,100.0,3,1,0,6
21155,0.0,6,0,0,6
21157,66.66666666666667,6,0,0,6
21159,12.5,3,0,0,6
21161,0.0,2,3,0,5
21163,0.0,0,6,2,4
21165,40.0,2,0,0,5
21167,0.0,5,0,0,6
21169,0.0,3,0,0,5
21171,16.666666666666668,4,0,0,6
21173,0.0,3,3,0,5
21175,71.42857142857143,5,0,0,6
21177,0.0,9,0,0,6
21179,0.0,5,4,0,5
21181,0.0,2,0,0,6
21183,0.0,4,3,0,6
21185,0.0,0,1,13,2
21187,0.0,2,1,0,6
21189,100.0,2,0,0,6
21191,0.0,0,3,0,2
21193,100.0,7,1,0,6
21195,100.0,19,0,0,6
21197,0.0,2,0,0,6
21199,81.81818181818181,6,8,0,5
21201,0.0,1,0,0,6
21203,0.0,4,0,0,5
21205,0.0,4,0,0,6
21207,100.0,5,0,0,6
21209,0.0,2,12,0,3
21211,0.0,2,7,0,2
21213,0.0,4,0,0,6
21215,0.0,0,4,0,2
21217,0.0,2,3,0,5
21219,0.0,3,1,0,6
21221,0.0,5,0,0,3
21223,0.0,1,1,0,2
21225,0.0,4,0,0,6
21227,0.0,0,5,19,4
21229,0.0,3,0,0,6
21231,100.0,5,0,0,6
21233,0.0,4,0,0,6
21235,85.71428571428571,6,2,0,5
21237,40.0,1,1,0,6
21239,0.0,1,7,0,3
22001,0.0,6,6,0,3
22003,0.0,3,2,0,6
22005,0.0,0,2,12,3
22007,0.0,0,3,3,6
22009,0.0,8,1,0,6
22011,0.0,3,4,0,5
22013,8.333333333333334,3,2,0,6
22015,0.0,0,2,20,3
22017,0.0,2,7,55,3
22019,0.0,2,6,36,4
22021,0.0,0,3,0,6
22023,0.0,2,1,0,4
22025,42.857142857142854,3,0,0,6
22027,10.0,5,0,0,6
22029,83.33333333333333,3,2,0,5
22031,0.0,3,4,0,3
22033,0.0,1,2,89,3
22035,100.0,3,0,0,6
22037,0.0,0,5,0,3
22039,0.0,8,0,0,6
22041,0.0,6,0,0,6
22043,0.0,0,4,1,4
22045,0.0,1,4,11,3
22047,0.0,0,4,3,3
22049,0.0,4,1,0,6
22051,0.0,3,2,122,2
22053,0.0,4,3,0,6
22055,0.0,1,0,42,3
22057,0.0,1,9,14,4
22059,0.0,1,2,0,6
22061,0.0,3,7,0,5
22063,0.0,1,5,11,3
22065,0.0,5,0,0,6
22067,0.0,5,3,0,5
22069,14.285714285714286,5,4,0,5
22071,0.0,2,1,174,1
22073,0.0,0,5,35,4
22075,0.0,5,1,3,2
22077,0.0,1,5,0,3
22079,0.0,1,8,24,4
22081,0.0,1,1,0,6
22083,0.0,2,4,0,6
22085,30.76923076923077,7,0,0,6
22087,0.0,1,1,16,2
22089,0.0,0,0,13,2
22091,0.0,0,2,0,3
22093,0.0,0,7,0,2
22095,0.0,0,2,9,2
22097,0.0,5,14,0,5
22099,0.0,1,10,0,3
22101,0.0,1,16,0,5
22103,0.0,1,6,36,2
22105,0.0,7,0,13,4
22107,83.33333333333333,2,1,0,6
22109,0.0,1,2,19,4
22111,0.0,2,4,0,4
22113,0.0,2,11,0,3
22115,20.0,11,1,0,5
22117,0.0,7,4,0,5
22119,0.0,6,5,0,3
22121,0.0,0,1,4,3
22123,0.0,3,0,0,6
22125,0.0,1,2,0,3
22127,18.181818181818183,4,0,0,6
23001,0.0,1,7,20,4
23003,97.67441860465117,24,0,0,6
23005,0.0,6,17,44,3
23007,57.142857142857146,9,0,0,6
23009,36.8421052631579,14,4,0,6
23011,0.0,15,16,0,5
23013,73.6842105263158,11,0,0,6
23015,6.451612903225806,10,0,0,6
23017,13.333333333333334,14,3,0,6
23019,10.869565217391305,10,16,20,4
23021,30.76923076923077,7,1,0,6
23023,0.0,5,4,0,3
23025,40.74074074074074,16,1,0,6
23027,5.555555555555555,6,2,0,6
23029,100.0,14,0,0,6
23031,0.0,11,15,15,3
24001,0.0,0,6,17,4
24003,0.0,1,5,99,2
24005,0.0,3,10,201,2
24009,0.0,2,13,4,2
24011,0.0,6,3,0,6
24013,0.0,0,34,4,2
24015,0.0,0,6,13,2
24017,0.0,1,30,0,2
24019,18.75,6,4,0,5
24021,0.0,1,18,42,2
24023,0.0,6,1,0,6
24025,0.0,0,9,48,2
24027,0.0,0,4,51,2
24029,0.0,6,0,0,6
24031,0.0,0,3,212,2
24033,0.0,0,6,212,2
24035,0.0,6,4,4,2
24037,0.0,2,8,8,4
24039,12.5,3,5,0,3
24041,0.0,6,5,0,5
24043,0.0,1,6,25,3
24045,0.0,0,4,15,3
24047,0.0,7,10,0,3
24510,0.0,0,0,200,1
25001,0.0,4,0,53,4
25003,0.0,10,12,17,4
25005,0.0,2,4,120,2
25007,0.0,2,3,0,5
25009,0.0,1,0,162,2
25011,0.0,5,13,0,5
25013,0.0,0,5,98,3
25015,0.0,0,11,25,3
25017,0.0,1,3,314,2
25019,100.0,6,0,0,6
25021,0.0,0,0,130,2
25023,0.0,2,4,95,2
25025,0.0,4,1,199,1
25027,0.0,2,16,154,3
26001,100.0,6,0,0,6
26003,100.0,4,0,0,6
26005,0.0,7,14,4,5
26007,100.0,4,6,0,5
26009,100.0,8,0,0,6
26011,10.0,7,0,0,6
26013,100.0,3,0,0,6
26015,0.0,4,7,0,2
26017,0.0,3,2,22,4
26019,100.0,6,0,0,5
26021,0.0,6,12,31,4
26023,0.0,7,5,0,5
26025,0.0,12,3,24,4
26027,0.0,4,3,4,3
26029,100.0,14,0,0,6
26031,100.0,9,0,0,6
26033,100.0,12,4,0,5
26035,0.0,11,0,0,6
26037,0.0,2,10,10,3
26039,100.0,5,0,0,6
26041,100.0,7,6,0,5
26043,100.0,2,5,0,5
26045,0.0,2,12,14,3
26047,100.0,9,0,0,6
26049,0.0,1,20,110,3
26051,0.0,6,3,0,6
26053,100.0,8,0,0,6
26055,100.0,6,11,0,5
26057,0.0,6,4,0,5
26059,0.0,8,4,0,5
26061,100.0,8,4,0,5
26063,22.22222222222222,13,0,0,6
26065,0.0,2,9,70,3
26067,0.0,3,10,0,5
26069,76.92307692307692,10,0,0,6
26071,100.0,5,0,0,6
26073,0.0,7,8,0,5
26075,0.0,2,11,25,4
26077,0.0,0,5,52,3
26079,100.0,5,0,0,5
26081,0.0,0,18,110,1
26083,100.0,3,0,0,5
26085,66.66666666666667,4,0,0,6
26087,0.0,7,17,0,2
26089,100.0,6,1,0,5
26091,0.0,11,12,0,5
26093,0.0,5,51,5,2
26095,100.0,4,0,0,6
26097,100.0,6,0,0,6
26099,0.0,2,5,210,2
26101,100.0,10,0,0,6
26103,100.0,8,17,0,5
26105,44.44444444444444,6,3,0,5
26107,0.0,6,5,0,5
26109,84.61538461538461,5,3,0,5
26111,0.0,1,5,13,4
26113,77.77777777777777,4,0,0,5
26115,0.0,3,10,26,4
26117,0.0,11,2,0,2
26119,100.0,5,0,0,6
26121,0.0,3,7,33,4
26123,0.0,9,2,0,6
26125,0.0,1,16,321,2
26127,8.333333333333334,8,0,0,6
26129,50.0,7,0,0,6
26131,100.0,4,0,0,6
26133,11.11111111111111,6,0,0,6
26135,100.0,5,0,0,6
26137,100.0,6,0,0,6
26139,0.0,1,8,45,2
26141,100.0,7,0,0,6
26143,20.0,10,0,0,6
26145,0.0,6,12,38,4
26147,0.0,1,17,32,2
26149,0.0,9,8,0,5
26151,0.0,10,2,1,6
26153,100.0,4,0,0,6
26155,0.0,6,11,0,5
26157,0.0,13,1,0,6
26159,0.0,9,6,1,3
26161,0.0,1,16,83,3
26163,0.0,6,1,604,1
26165,100.0,5,3,0,5
27001,61.53846153846154,6,0,0,6
27003,0.0,0,10,73,2
27005,31.25,9,1,0,6
27007,100.0,6,4,0,5
27009,0.0,1,3,5,4
27011,100.0,3,0,0,6
27013,0.0,0,5,11,4
27015,12.5,3,5,0,5
27017,0.0,3,4,0,3
27019,0.0,0,6,13,2
27021,80.0,10,0,0,5
27023,100.0,4,0,0,6
27025,0.0,0,10,0,2
27027,0.0,0,3,10,4
27029,100.0,3,0,0,6
27031,100.0,3,0,0,6
27033,76.92307692307692,4,0,0,6
27035,70.58823529411765,11,5,0,5
27037,0.0,0,10,85,2
27039,0.0,0,5,0,4
27041,70.58823529411765,5,4,0,5
27043,0.0,6,0,0,6
27045,0.0,4,2,0,4
27047,6.666666666666667,5,5,0,5
27049,0.0,6,4,0,5
27051,88.88888888888889,2,0,0,6
27053,0.0,0,3,296,1
27055,0.0,3,1,1,4
27057,100.0,7,0,0,6
27059,0.0,1,7,0,2
27061,95.65217391304348,11,0,0,6
27063,60.0,4,0,0,6
27065,11.11111111111111,4,0,0,6
27067,50.0,6,6,0,5
27069,77.77777777777777,2,0,0,6
27071,100.0,4,0,0,6
27073,100.0,3,0,0,6
27075,50.0,4,0,0,6
27077,100.0,2,0,0,6
27079,0.0,3,3,0,2
27081,83.33333333333333,2,0,0,6
27083,100.0,4,3,0,5
27085,0.0,5,2,0,5
27087,100.0,2,0,0,6
27089,53.84615384615385,4,0,0,6
27091,28.571428571428573,6,0,0,6
27093,0.0,6,0,0,6
27095,25.0,6,1,0,2
27097,0.0,8,0,0,6
27099,0.0,2,9,0,5
27101,75.0,3,0,0,6
27103,0.0,1,3,3,4
27105,6.666666666666667,3,3,0,5
27107,20.0,3,0,0,6
27109,0.0,0,6,27,4
27111,68.75,14,3,0,5
27113,40.0,5,0,0,6
27115,0.0,7,1,0,6
27117,16.666666666666668,5,0,0,6
27119,33.333333333333336,6,1,3,4
27121,55.55555555555556,4,0,0,6
27123,0.0,1,0,136,1
27125,50.0,2,0,0,6
27127,90.47619047619048,6,0,0,6
27129,62.5,6,0,0,6
27131,0.0,2,11,0,5
27133,0.0,2,1,0,6
27135,100.0,5,0,0,6
27137,32.608695652173914,18,15,34,3
27139,0.0,0,5,16,2
27141,0.0,0,7,4,2
27143,0.0,2,2,0,2
27145,0.0,6,7,16,4
27147,0.0,3,5,0,5
27149,100.0,3,0,0,6
27151,100.0,4,0,0,6
27153,26.666666666666668,8,0,0,6
27155,100.0,2,0,0,6
27157,0.0,2,4,0,4
27159,85.71428571428571,3,0,0,6
27161,0.0,4,1,0,6
27163,0.0,0,9,41,2
27165,0.0,3,0,0,6
27167,12.5,1,1,0,5
27169,0.0,2,8,0,5
27171,0.0,4,10,3,2
27173,100.0,4,0,0,6
28001,100.0,1,8,0,5
28003,25.0,4,3,0,5
28005,22.22222222222222,3,0,0,5
28007,66.66666666666667,6,0,0,6
28009,0.0,0,2,0,2
28011,100.0,4,4,0,5
28013,100.0,5,0,0,6
28015,100.0,2,0,0,5
28017,100.0,4,0,0,6
28019,100.0,3,0,0,6
28021,33.333333333333336,3,0,0,5
28023,60.0,4,0,0,5
28025,80.0,5,0,0,6
28027,50.0,2,5,0,5
28029,12.5,4,2,0,3
28031,0.0,1,3,0,6
28033,0.0,0,3,30,2
28035,0.0,0,2,15,4
28037,100.0,2,0,0,6
28039,0.0,5,0,0,6
28041,0.0,2,0,0,6
28043,100.0,2,3,0,5
28045,0.0,1,4,3,3
28047,0.0,1,6,39,3
28049,0.0,0,6,58,3
28051,28.571428571428573,4,1,0,6
28053,33.333333333333336,3,0,0,6
28055,33.333333333333336,1,0,0,6
28057,81.81818181818181,5,0,0,5
28059,0.0,1,6,22,3
28061,28.571428571428573,4,0,0,5
28063,100.0,2,0,0,6
28065,0.0,3,0,0,6
28067,0.0,6,8,0,5
28069,100.0,2,0,0,5
28071,36.36363636363637,4,6,0,5
28073,0.0,1,3,4,4
28075,91.66666666666667,6,13,0,5
28077,12.5,3,0,0,6
28079,40.0,3,2,0,6
28081,100.0,7,12,0,5
28083,100.0,2,6,0,5
28085,30.0,4,2,0,5
28087,50.0,7,7,0,5
28089,0.0,0,7,14,3
28091,0.0,6,0,0,6
28093,0.0,0,6,0,2
28095,100.0,9,0,0,6
28097,100.0,3,0,0,6
28099,75.0,7,0,0,6
28101,36.36363636363637,5,0,0,6
28103,100.0,3,0,0,6
28105,100.0,1,7,0,5
28107,10.0,4,2,0,6
28109,0.0,6,3,0,5
28111,0.0,0,3,0,4
28113,14.285714285714286,4,4,0,5
28115,90.9090909090909,6,0,0,5
28117,57.142857142857146,5,0,0,6
28119,28.571428571428573,3,0,0,6
28121,0.0,0,7,20,3
28123,0.0,5,1,0,6
28125,100.0,2,0,0,6
28127,0.0,0,5,0,3
28129,0.0,3,0,0,6
28131,0.0,3,0,0,6
28133,100.0,4,3,0,5
28135,75.0,4,0,0,6
28137,0.0,0,5,0,2
28139,30.0,4,0,0,6
28141,0.0,4,0,0,6
28143,0.0,3,0,0,2
28145,54.54545454545455,6,0,0,6
28147,0.0,3,0,0,6
28149,0.0,3,9,0,5
28151,100.0,6,13,0,5
28153,28.571428571428573,4,0,0,6
28155,100.0,3,0,0,6
28157,0.0,2,0,0,6
28159,100.0,5,0,0,6
28161,50.0,3,0,0,6
28163,0.0,2,4,0,3
29001,100.0,2,5,0,5
29003,0.0,0,4,0,4
29005,20.0,2,0,0,6
29007,0.0,3,4,0,5
29009,0.0,6,1,0,6
29011,0.0,3,0,0,6
29013,0.0,2,2,0,2
29015,71.42857142857143,6,0,0,6
29017,0.0,0,3,0,4
29019,0.0,1,5,23,4
29021,0.0,0,3,22,4
29023,100.0,4,6,0,5
29025,0.0,0,2,0,2
29027,0.0,2,4,2,4
29029,14.285714285714286,11,0,0,6
29031,0.0,0,4,12,4
29033,71.42857142857143,3,0,0,6
29035,100.0,2,0,0,6
29037,0.0,0,11,9,2
29039,25.0,3,0,0,6
29041,83.33333333333333,3,0,0,6
29043,0.0,0,4,10,3
29045,100.0,3,0,0,5
29047,0.0,0,6,38,2
29049,0.0,1,3,0,2
29051,0.0,0,3,12,4
29053,0.0,3,2,0,6
29055,53.84615384615385,6,0,0,6
29057,0.0,1,1,0,6
29059,0.0,0,3,0,3
29061,20.0,1,1,0,6
29063,0.0,1,1,0,4
29065,80.0,4,0,0,6
29067,40.0,1,2,0,6
29069,41.666666666666664,7,3,0,5
29071,0.0,9,8,0,2
29073,0.0,5,0,0,6
29075,14.285714285714286,2,0,0,6
29077,0.0,0,6,56,3
29079,100.0,4,0,0,6
29081,76.92307692307692,3,0,0,6
29083,10.0,6,0,0,6
29085,25.0,3,0,0,6
29087,0.0,2,1,0,6
29089,0.0,2,1,0,6
29091,100.0,6,2,0,5
29093,66.66666666666667,4,0,0,6
29095,0.0,3,28,168,1
29097,0.0,2,4,16,4
29099,0.0,0,13,29,2
29101,11.11111111111111,4,5,0,5
29103,100.0,2,0,0,6
29105,40.0,3,3,0,5
29107,0.0,4,3,0,2
29109,0.0,5,2,0,6
29111,100.0,4,0,0,5
29113,0.0,0,7,0,2
29115,100.0,5,0,0,6
29117,75.0,5,0,0,6
29119,0.0,1,3,0,3
29121,60.0,5,0,0,6
29123,25.0,3,0,0,6
29125,0.0,2,1,0,6
29127,100.0,3,5,0,5
29129,100.0,2,0,0,6
29131,0.0,4,1,0,6
29133,0.0,4,0,0,6
29135,0.0,1,3,0,4
29137,37.5,3,0,0,6
29139,0.0,3,1,0,6
29141,7.6923076923076925,5,0,0,6
29143,10.0,5,1,0,6
29145,0.0,3,7,2,4
29147,6.666666666666667,3,2,0,5
29149,100.0,3,0,0,6
29151,0.0,0,4,0,4
29153,86.66666666666667,2,0,0,6
29155,66.66666666666667,6,0,0,6
29157,0.0,5,0,0,6
29159,26.666666666666668,3,8,0,5
29161,50.0,6,4,0,5
29163,18.181818181818183,4,1,0,6
29165,0.0,0,5,15,2
29167,0.0,3,1,0,3
29169,70.0,4,5,0,5
29171,100.0,2,0,0,6
29173,66.66666666666667,3,0,0,5
29175,0.0,2,4,0,5
29177,0.0,2,2,0,2
29179,100.0,1,1,0,6
29181,100.0,4,0,0,6
29183,0.0,0,5,74,2
29185,50.0,3,0,0,6
29186,0.0,3,1,0,6
29187,0.0,2,9,0,5
29189,0.0,0,3,196,2
29195,9.090909090909092,4,4,0,5
29197,100.0,2,0,0,5
29199,100.0,2,0,0,6
29201,0.0,1,9,0,5
29203,100.0,2,0,0,6
29205,87.5,3,0,0,6
29207,0.0,7,1,0,6
29209,0.0,5,1,0,5
29211,100.0,3,0,0,6
29213,10.526315789473685,5,5,0,5
29215,95.0,4,0,0,6
29217,8.333333333333334,6,0,0,6
29219,0.0,0,5,0,2
29221,0.0,4,1,0,6
29223,66.66666666666667,4,0,0,6
29225,0.0,0,8,0,3
29227,100.0,1,0,0,6
29229,20.0,4,0,0,6
29510,0.0,0,0,106,1
30001,100.0,3,0,0,6
30003,44.44444444444444,3,2,0,6
30005,100.0,4,0,0,6
30007,100.0,2,0,0,6
30009,0.0,3,2,0,4
30011,100.0,1,0,0,6
30013,0.0,0,4,18,4
30015,20.0,2,0,0,6
30017,100.0,6,0,0,6
30019,100.0,1,0,0,6
30021,100.0,3,0,0,6
30023,75.0,3,0,0,6
30025,100.0,1,0,0,6
30027,100.0,2,0,0,6
30029,100.0,13,6,0,5
30031,100.0,9,13,0,5
30033,100.0,1,0,0,6
30035,100.0,4,0,0,6
30037,0.0,0,1,0,4
30039,20.0,1,0,0,6
30041,100.0,6,0,0,6
30043,100.0,3,0,0,5
30045,40.0,1,0,0,6
30047,61.53846153846154,7,1,0,6
30049,70.0,4,10,0,5
30051,100.0,1,0,0,6
30053,100.0,5,0,0,6
30055,100.0,1,0,0,6
30057,100.0,3,0,0,6
30059,100.0,1,0,0,6
30061,0.0,1,1,0,6
30063,6.25,1,3,16,4
30065,25.0,1,1,0,6
30067,100.0,6,0,0,6
30069,100.0,1,0,0,6
30071,100.0,1,0,0,6
30073,60.0,2,0,0,6
30075,100.0,1,0,0,6
30077,40.0,2,0,0,6
30079,100.0,1,0,0,6
30081,37.5,8,2,0,6
30083,100.0,4,0,0,6
30085,100.0,3,0,0,6
30087,100.0,4,0,0,6
30089,77.77777777777777,3,0,0,6
30091,100.0,2,0,0,6
30093,100.0,0,8,0,5
30095,27.272727272727273,2,1,0,6
30097,60.0,1,0,0,6
30099,11.11111111111111,3,0,0,6
30101,100.0,3,0,0,6
30103,75.0,1,0,0,6
30105,100.0,3,0,0,6
30107,100.0,1,0,0,6
30109,100.0,1,0,0,6
30111,6.25,0,5,27,4
31001,8.333333333333334,2,7,0,5
31003,100.0,3,0,0,6
31005,100.0,1,0,0,6
31007,100.0,1,0,0,5
31009,100.0,1,0,0,6
31011,100.0,2,0,0,6
31013,100.0,3,0,0,6
31015,100.0,1,0,0,6
31017,100.0,1,0,0,6
31019,15.384615384615385,3,8,0,5
31021,0.0,3,0,0,6
31023,9.090909090909092,3,0,0,6
31025,0.0,0,6,0,3
31027,28.571428571428573,2,0,0,6
31029,100.0,1,0,0,6
31031,100.0,2,0,0,6
31033,100.0,3,0,0,6
31035,9.090909090909092,2,0,0,6
31037,42.857142857142854,3,0,0,6
31039,0.0,3,0,0,6
31041,84.61538461538461,4,0,0,6
31043,0.0,0,1,3,4
31045,100.0,2,0,0,6
31047,81.81818181818181,5,2,0,5
31049,100.0,1,0,0,6
31051,0.0,1,1,0,4
31053,0.0,2,7,0,5
31055,0.0,0,1,155,3
31057,100.0,1,0,0,6
31059,22.22222222222222,2,0,0,6
31061,75.0,2,0,0,6
31063,100.0,1,0,0,6
31065,100.0,1,0,0,6
31067,5.882352941176471,2,5,0,5
31069,100.0,1,0,0,6
31071,100.0,1,0,0,6
31073,100.0,1,0,0,5
31075,100.0,1,0,0,6
31077,25.0,1,0,0,6
31079,0.0,0,3,11,4
31081,0.0,2,1,0,4
31083,87.5,1,0,0,6
31085,100.0,1,0,0,6
31087,100.0,1,0,0,6
31089,100.0,4,0,0,6
31091,100.0,1,0,0,6
31093,0.0,1,1,0,4
31095,36.36363636363637,3,0,0,6
31097,0.0,1,1,0,6
31099,0.0,2,0,0,5
31101,100.0,3,0,0,6
31103,100.0,1,0,0,6
31105,0.0,1,0,0,6
31107,100.0,3,0,0,6
31109,0.0,0,4,70,3
31111,100.0,3,5,0,5
31113,100.0,1,0,0,5
31115,100.0,1,0,0,6
31117,100.0,1,0,0,5
31119,100.0,2,7,0,5
31121,0.0,2,1,0,4
31123,100.0,1,0,0,6
31125,0.0,1,0,0,6
31127,0.0,2,0,0,6
31129,83.33333333333333,2,0,0,6
31131,0.0,4,1,0,6
31133,50.0,1,0,0,6
31135,100.0,1,0,0,6
31137,40.0,3,0,0,6
31139,88.88888888888889,2,0,0,5
31141,88.88888888888889,2,5,0,5
31143,20.0,2,0,0,6
31145,100.0,3,0,0,6
31147,50.0,3,0,0,6
31149,100.0,1,0,0,6
31151,0.0,4,0,0,6
31153,0.0,0,2,41,3
31155,0.0,2,3,0,3
31157,100.0,4,7,0,5
31159,0.0,3,1,0,3
31161,100.0,2,0,0,6
31163,0.0,1,0,0,6
31165,100.0,1,0,0,5
31167,71.42857142857143,1,1,0,5
31169,100.0,2,0,0,6
31171,100.0,1,0,0,6
31173,0.0,2,0,0,6
31175,75.0,2,0,0,6
31177,0.0,2,3,0,3
31179,22.22222222222222,2,0,0,6
31181,50.0,2,0,0,6
31183,100.0,1,0,0,6
31185,0.0,4,0,0,6
32001,0.0,2,5,0,5
32003,0.0,3,17,467,1
32005,0.0,7,8,2,5
32007,100.0,6,8,0,5
32009,100.0,1,0,0,6
32011,100.0,1,0,0,5
32013,100.0,1,3,0,5
32015,100.0,1,0,0,6
32017,100.0,0,2,0,6
32019,12.5,2,7,1,5
32021,100.0,2,0,0,6
32023,62.5,4,6,0,5
32027,100.0,1,0,0,6
32029,0.0,0,1,0,3
32031,8.0,5,8,99,3
32033,100.0,3,0,0,6
32510,0.0,1,0,13,4
33001,0.0,9,6,0,5
33003,15.384615384615385,10,1,0,6
33005,3.8461538461538463,11,5,0,5
33007,100.0,7,4,0,5
33009,66.66666666666667,16,3,0,5
33011,0.0,9,7,70,3
33013,0.0,17,14,5,5
33015,0.0,6,6,54,2
33017,0.0,1,6,18,2
33019,33.333333333333336,10,0,0,5
34001,0.0,1,8,61,3
34003,0.0,0,0,179,2
34005,0.0,1,11,102,2
34007,0.0,0,1,126,2
34009,0.0,1,3,29,4
34011,0.0,4,15,16,4
34013,0.0,0,0,210,1
34015,0.0,0,3,60,2
34017,0.0,1,0,165,1
34019,0.0,0,10,16,2
34021,0.0,0,9,68,3
34023,0.0,0,2,173,2
34025,0.0,1,3,140,2
34027,0.0,0,4,96,2
34029,0.0,3,7,116,2
34031,0.0,0,2,98,2
34033,0.0,2,13,10,2
34035,0.0,0,2,66,2
34037,0.0,0,29,12,2
34039,0.0,0,0,108,1
34041,0.0,0,10,13,3
35001,0.0,0,5,148,3
35003,100.0,1,0,0,6
35005,100.0,4,12,0,5
35006,42.857142857142854,2,5,0,5
35007,100.0,3,0,0,6
35009,100.0,1,11,0,5
35011,100.0,1,0,0,6
35013,0.0,2,5,34,4
35015,100.0,2,10,0,5
35017,100.0,4,4,0,5
35019,100.0,1,0,0,6
35021,100.0,1,0,0,6
35023,100.0,2,0,0,6
35025,80.0,5,13,0,5
35027,100.0,5,0,0,6
35028,0.0,4,0,0,5
35029,0.0,1,5,0,5
35031,93.33333333333333,12,5,0,5
35033,100.0,1,0,0,6
35035,63.63636363636363,5,11,0,5
35037,100.0,3,0,0,6
35039,53.333333333333336,3,6,0,5
35041,100.0,2,3,0,5
35043,20.0,6,3,19,3
35045,0.0,9,11,13,4
35047,54.54545454545455,1,6,0,5
35049,0.0,2,15,33,4
35051,28.571428571428573,3,1,0,6
35053,12.5,5,1,0,6
35055,92.3076923076923,3,3,0,5
35057,28.571428571428573,1,3,0,3
35059,100.0,1,0,0,6
35061,0.0,0,18,0,3
36001,0.0,0,9,66,3
36003,23.529411764705884,13,0,0,6
36005,0.0,4,0,335,1
36007,0.0,0,9,46,4
36009,3.125,13,8,0,5
36011,0.0,11,9,0,5
36013,0.0,16,20,0,5
36015,0.0,0,3,19,4
36017,0.0,9,3,0,6
36019,15.384615384615385,9,10,0,5
36021,0.0,13,8,0,5
36023,0.0,4,8,0,5
36025,5.128205128205129,14,0,0,6
36027,0.0,14,7,58,2
36029,0.0,7,16,214,1
36031,11.764705882352942,13,0,0,6
36033,95.65217391304348,11,3,0,5
36035,0.0,5,10,0,5
36037,0.0,6,9,0,5
36039,0.0,8,7,0,6
36041,27.272727272727273,3,1,0,6
36043,0.0,5,13,1,3
36045,0.0,5,8,13,4
36047,0.0,7,1,753,1
36049,0.0,5,2,0,6
36051,0.0,8,7,0,2
36053,0.0,6,10,0,3
36055,0.0,2,13,178,1
36057,0.0,4,12,0,5
36059,0.0,5,0,279,2
36061,0.0,2,0,286,1
36063,0.0,5,18,39,2
36065,0.0,8,23,43,3
36067,0.0,3,13,124,3
36069,0.0,3,12,10,2
36071,0.0,6,21,52,2
36073,0.0,8,3,0,2
36075,0.0,9,19,2,3
36077,0.0,11,6,0,5
36079,0.0,0,3,16,2
36081,0.0,13,0,656,1
36083,0.0,1,13,28,3
36085,0.0,3,0,108,1
36087,0.0,0,0,65,2
36089,54.54545454545455,22,6,0,5
36091,0.0,1,10,39,3
36093,0.0,0,3,40,3
36095,0.0,0,8,0,3
36097,0.0,4,1,0,6
36099,0.0,4,6,0,5
36101,0.0,18,12,0,5
36103,0.0,6,8,309,2
36105,0.0,22,2,0,6
36107,0.0,2,5,3,4
36109,0.0,0,8,15,4
36111,0.0,11,7,29,4
36113,0.0,4,4,11,4
36115,0.0,10,3,4,4
36117,0.0,7,11,5,2
36119,0.0,2,2,219,2
36121,0.0,9,2,0,6
36123,0.0,4,1,0,2
37001,0.0,0,10,26,4
37003,0.0,1,5,1,3
37005,12.5,3,0,0,6
37007,0.0,1,5,0,6
37009,8.333333333333334,6,0,0,6
37011,0.0,5,0,0,6
37013,0.0,6,5,0,5
37015,22.22222222222222,4,0,0,6
37017,0.0,5,1,0,6
37019,0.0,8,12,13,3
37021,0.0,0,6,50,3
37023,0.0,0,6,12,3
37025,0.0,0,6,31,2
37027,0.0,0,4,13,3
37029,0.0,0,2,0,5
37031,5.882352941176471,10,29,0,5
37033,0.0,4,2,0,6
37035,0.0,0,8,23,3
37037,0.0,8,2,3,3
37039,75.0,7,0,0,6
37041,0.0,3,0,0,6
37043,100.0,2,0,0,6
37045,0.0,10,9,3,5
37047,0.0,8,5,0,6
37049,0.0,1,8,12,4
37051,0.0,2,6,60,3
37053,6.666666666666667,4,4,0,2
37055,100.0,6,5,0,5
37057,0.0,1,11,22,3
37059,0.0,3,2,2,3
37061,0.0,11,0,0,6
37063,0.0,0,2,58,3
37065,0.0,3,7,4,4
37067,0.0,0,2,91,3
37069,0.0,4,7,1,2
37071,0.0,3,8,54,2
37073,0.0,0,3,0,2
37075,0.0,3,0,0,6
37077,0.0,7,6,0,5
37079,0.0,2,2,0,6
37081,0.0,1,7,111,3
37083,0.0,6,6,0,5
37085,0.0,4,17,6,5
37087,0.0,1,6,9,3
37089,0.0,1,6,20,3
37091,0.0,5,0,0,6
37093,0.0,1,4,4,3
37095,83.33333333333333,3,0,0,6
37097,0.0,0,15,29,2
37099,0.0,5,4,0,5
37101,0.0,3,15,7,2
37103,0.0,1,2,0,4
37105,0.0,4,9,0,5
37107,0.0,5,10,0,5
37109,0.0,3,11,4,2
37111,0.0,4,6,0,5
37113,0.0,9,0,0,6
37115,0.0,0,5,1,3
37117,0.0,5,1,0,6
37119,0.0,2,1,230,1
37121,0.0,4,0,0,6
37123,0.0,6,0,0,6
37125,0.0,9,9,0,5
37127,0.0,1,7,10,4
37129,0.0,1,0,44,3
37131,0.0,5,0,0,5
37133,0.0,3,9,20,4
37135,0.0,0,5,23,3
37137,0.0,3,2,0,4
37139,0.0,1,9,0,5
37141,0.0,5,11,0,3
37143,0.0,3,0,0,5
37145,0.0,3,4,0,3
37147,0.0,0,7,25,4
37149,0.0,2,5,0,6
37151,0.0,9,12,7,3
37153,0.0,3,8,0,5
37155,0.0,15,16,0,5
37157,0.0,8,13,0,3
37159,0.0,0,7,23,2
37161,0.0,7,6,0,5
37163,0.0,11,0,0,6
37165,0.0,3,4,0,5
37167,0.0,6,7,0,5
37169,0.0,1,6,2,3
37171,0.0,9,13,0,5
37173,0.0,5,0,0,6
37175,0.0,2,5,0,5
37177,100.0,1,0,0,5
37179,0.0,0,7,34,2
37181,0.0,4,6,0,5
37183,0.0,1,8,178,1
37185,0.0,5,1,0,6
37187,50.0,3,0,0,6
37189,0.0,9,4,0,5
37191,0.0,2,8,16,4
37193,0.0,8,6,0,5
37195,0.0,8,11,0,5
37197,0.0,1,6,0,3
37199,0.0,2,3,0,6
38001,100.0,1,0,0,6
38003,52.63157894736842,4,0,0,6
38005,100.0,4,0,0,6
38007,100.0,1,0,0,6
38009,100.0,3,0,0,6
38011,100.0,2,0,0,6
38013,100.0,1,0,0,6
38015,0.0,0,4,15,4
38017,0.0,1,4,28,4
38019,100.0,2,0,0,6
38021,100.0,3,0,0,6
38023,100.0,1,0,0,6
38025,90.0,1,0,0,6
38027,100.0,1,0,0,6
38029,37.5,1,0,0,6
38031,100.0,1,0,0,6
38033,100.0,1,0,0,6
38035,0.0,2,3,13,4
38037,40.0,1,0,0,6
38039,85.71428571428571,1,0,0,6
38041,100.0,2,0,0,6
38043,30.0,1,0,0,6
38045,100.0,2,0,0,6
38047,100.0,1,0,0,6
38049,100.0,2,0,0,5
38051,100.0,1,0,0,6
38053,100.0,4,0,0,6
38055,56.25,2,0,0,6
38057,44.44444444444444,3,0,0,6
38059,0.0,1,1,3,4
38061,100.0,3,0,0,6
38063,36.36363636363637,1,0,0,6
38065,20.0,1,0,0,4
38067,53.333333333333336,5,0,0,6
38069,100.0,2,0,0,6
38071,90.9090909090909,3,0,0,6
38073,36.36363636363637,3,0,0,6
38075,100.0,1,0,0,5
38077,0.0,3,3,0,5
38079,100.0,4,0,0,6
38081,80.0,2,0,0,6
38083,77.77777777777777,1,0,0,6
38085,25.0,2,0,0,4
38087,100.0,1,0,0,6
38089,77.77777777777777,3,5,0,5
38091,20.0,1,0,0,6
38093,95.0,2,4,0,5
38095,100.0,1,0,0,6
38097,0.0,3,1,0,6
38099,41.1764705882353,6,0,0,6
38101,100.0,5,8,0,5
38103,100.0,2,0,0,6
38105,100.0,3,4,0,5
39001,0.0,6,0,0,6
39003,0.0,3,6,24,4
39005,0.0,5,6,0,5
39007,0.0,8,18,0,5
39009,0.0,8,7,0,5
39011,0.0,7,3,1,5
39013,0.0,2,7,11,4
39015,0.0,0,9,0,2
39017,0.0,0,29,51,2
39019,0.0,5,2,0,3
39021,0.0,7,3,0,5
39023,0.0,0,7,37,4
39025,0.0,0,10,30,2
39027,0.0,5,4,0,5
39029,0.0,12,12,0,5
39031,0.0,5,5,0,5
39033,0.0,3,10,0,5
39035,0.0,3,2,442,1
39037,0.0,8,4,0,5
39039,0.0,5,4,0,5
39041,0.0,0,5,30,2
39043,0.0,3,15,1,5
39045,0.0,3,16,9,2
39047,0.0,3,4,0,5
39049,0.0,0,3,281,1
39051,0.0,5,3,1,3
39053,0.0,5,2,0,5
39055,0.0,1,14,6,2
39057,0.0,1,6,28,3
39059,0.0,5,5,0,5
39061,0.0,0,4,218,1
39063,0.0,3,10,0,5
39065,0.0,7,0,0,6
39067,0.0,3,2,0,6
39069,0.0,7,0,0,6
39071,0.0,8,1,0,6
39073,0.0,7,0,0,2
39075,0.0,8,0,0,6
39077,0.0,8,5,0,5
39079,0.0,4,3,0,5
39081,0.0,1,7,15,4
39083,0.0,6,6,0,5
39085,0.0,1,3,55,2
39087,0.0,1,3,12,3
39089,0.0,0,8,24,2
39091,0.0,8,3,0,5
39093,0.0,5,4,65,2
39095,0.0,1,5,122,3
39097,0.0,1,11,0,2
39099,0.0,1,8,61,3
39101,0.0,3,15,0,5
39103,0.0,0,12,25,2
39105,0.0,6,0,0,6
39107,0.0,7,2,0,5
39109,0.0,0,11,10,3
39111,0.0,3,1,0,6
39113,0.0,1,7,145,3
39115,0.0,4,0,0,6
39117,0.0,2,4,0,2
39119,0.0,7,12,0,5
39121,0.0,3,0,0,6
39123,7.142857142857143,4,8,1,5
39125,0.0,5,0,0,6
39127,0.0,6,0,0,2
39129,0.0,1,11,1,2
39131,0.0,6,0,0,6
39133,0.0,1,12,22,3
39135,0.0,8,4,0,6
39137,0.0,7,0,0,6
39139,0.0,2,7,21,4
39141,0.0,9,8,0,5
39143,0.0,7,8,0,5
39145,0.0,8,12,0,5
39147,0.0,5,9,0,5
39149,0.0,5,5,0,5
39151,0.0,2,14,70,3
39153,0.0,0,2,133,3
39155,0.0,1,11,43,3
39157,0.0,7,14,0,5
39159,0.0,3,6,1,2
39161,0.0,5,4,0,5
39163,0.0,3,0,0,6
39165,0.0,0,9,24,2
39167,0.0,5,9,2,5
39169,0.0,17,11,4,5
39171,0.0,9,0,0,6
39173,0.0,5,11,12,3
39175,0.0,6,0,0,6
40001,0.0,5,0,0,6
40003,100.0,3,0,0,6
40005,40.0,4,0,0,6
40007,100.0,3,0,0,6
40009,100.0,2,2,0,5
40011,55.55555555555556,5,0,0,6
40013,0.0,3,8,0,5
40015,0.0,6,2,0,6
40017,0.0,0,9,20,2
40019,77.77777777777777,6,5,0,5
40021,0.0,5,4,0,5
40023,100.0,5,0,0,6
40025,100.0,2,0,0,6
40027,0.0,0,8,54,2
40029,100.0,2,0,0,6
40031,0.0,0,5,27,4
40033,0.0,0,2,0,4
40035,0.0,5,0,0,6
40037,0.0,4,6,11,3
40039,83.33333333333333,3,2,0,5
40041,0.0,8,1,0,6
40043,100.0,3,0,0,6
40045,100.0,2,0,0,6
40047,50.0,2,10,0,5
40049,0.0,8,1,0,6
40051,0.0,2,8,0,2
40053,87.5,2,0,0,6
40055,100.0,2,0,0,6
40057,100.0,1,0,0,6
40059,100.0,2,0,0,6
40061,20.0,4,0,0,6
40063,71.42857142857143,5,0,0,6
40065,12.5,3,5,0,5
40067,0.0,3,0,0,6
40069,14.285714285714286,3,0,0,6
40071,44.44444444444444,5,6,0,5
40073,0.0,3,1,0,6
40075,14.285714285714286,3,0,0,6
40077,50.0,3,0,0,6
40079,20.0,7,4,1,3
40081,0.0,5,2,0,2
40083,0.0,3,3,2,2
40085,33.333333333333336,3,0,0,6
40087,0.0,1,5,0,2
40089,83.33333333333333,8,0,0,6
40091,0.0,5,1,0,6
40093,100.0,3,0,0,6
40095,25.0,4,0,0,6
40097,0.0,5,4,0,6
40099,0.0,3,0,0,6
40101,0.0,4,12,0,5
40103,25.0,4,0,0,6
40105,0.0,3,1,0,6
40107,0.0,4,0,0,6
40109,0.0,0,9,232,1
40111,0.0,3,7,0,3
40113,17.647058823529413,4,6,1,3
40115,0.0,4,5,0,5
40117,12.5,2,3,0,3
40119,0.0,7,10,0,5
40121,100.0,7,6,0,5
40123,83.33333333333333,5,5,0,5
40125,0.0,4,12,0,5
40127,100.0,3,0,0,6
40129,100.0,1,0,0,6
40131,0.0,2,21,5,3
40133,0.0,9,0,0,6
40135,0.0,3,6,0,3
40137,0.0,5,6,0,5
40139,100.0,3,2,0,5
40141,0.0,5,0,0,6
40143,0.0,0,6,169,3
40145,0.0,4,5,13,3
40147,0.0,2,11,0,5
40149,90.0,4,0,0,6
40151,100.0,3,0,0,6
40153,100.0,2,3,0,5
41001,90.9090909090909,6,0,0,6
41003,0.0,1,2,15,4
41005,0.0,2,21,57,2
41007,75.0,8,4,0,5
41009,0.0,1,8,1,2
41011,100.0,6,8,0,5
41013,28.571428571428573,1,3,0,5
41015,100.0,3,3,0,5
41017,12.5,1,11,12,4
41019,37.03703703703704,16,7,0,5
41021,100.0,1,0,0,6
41023,100.0,2,0,0,6
41025,100.0,2,0,0,6
41027,25.0,2,2,0,5
41029,0.0,0,7,34,4
41031,33.333333333333336,5,1,0,6
41033,0.0,2,6,8,4
41035,71.42857142857143,8,12,0,5
41037,100.0,2,0,0,6
41039,5.405405405405405,5,23,59,3
41041,11.764705882352942,8,10,0,5
41043,0.0,6,6,9,4
41045,61.53846153846154,5,3,0,5
41047,0.0,5,12,41,3
41049,42.857142857142854,2,0,0,5
41051,0.0,0,2,169,1
41053,0.0,1,7,4,3
41055,100.0,1,0,0,6
41057,50.0,9,0,0,6
41059,8.333333333333334,2,11,2,5
41061,62.5,3,5,0,5
41063,100.0,3,0,0,6
41065,85.71428571428571,3,5,0,5
41067,0.0,1,5,98,2
41069,100.0,1,0,0,6
41071,0.0,3,14,0,2
42001,0.0,5,10,8,4
42003,0.0,2,5,395,1
42005,0.0,6,10,3,2
42007,0.0,0,10,41,2
42009,0.0,9,2,0,6
42011,0.0,0,22,68,3
42013,0.0,3,5,26,4
42015,0.0,9,5,0,5
42017,0.0,3,6,134,2
42019,0.0,9,20,15,2
42021,0.0,11,8,23,4
42023,100.0,2,0,0,6
42025,0.0,3,6,3,3
42027,0.0,0,12,19,4
42029,0.0,0,14,102,2
42031,36.666666666666664,10,0,0,6
42033,8.88888888888889,10,10,0,5
42035,16.666666666666668,2,7,0,5
42037,0.0,0,4,11,4
42039,0.0,15,8,0,5
42041,0.0,0,10,39,3
42043,0.0,1,7,57,3
42045,0.0,1,0,143,2
42047,100.0,9,0,0,6
42049,0.0,3,17,52,3
42051,0.0,6,9,21,2
42053,80.0,3,0,0,6
42055,0.0,0,12,15,4
42057,0.0,2,1,0,6
42059,0.0,4,5,0,6
42061,0.0,7,5,0,5
42063,0.0,10,13,0,5
42065,34.78260869565217,13,0,0,6
42067,0.0,0,5,0,6
42069,0.0,0,6,53,3
42071,0.0,0,11,87,3
42073,0.0,8,20,0,5
42075,0.0,0,5,26,4
42077,0.0,0,4,72,3
42079,0.0,0,15,89,3
42081,0.0,4,8,17,4
42083,100.0,8,4,0,5
42085,0.0,6,10,14,3
42087,0.0,4,8,0,5
42089,0.0,8,14,11,4
42091,0.0,0,20,191,2
42093,0.0,1,1,2,4
42095,0.0,1,3,64,3
42097,0.0,3,20,1,5
42099,0.0,0,9,1,3
42101,0.0,3,0,381,1
42103,0.0,5,13,0,2
42105,78.57142857142857,5,0,0,6
42107,0.0,14,25,1,5
42109,0.0,4,4,0,5
42111,0.0,12,8,1,5
42113,0.0,2,0,0,6
42115,0.0,2,7,2,6
42117,5.0,9,1,0,6
42119,0.0,5,5,0,5
42121,5.2631578947368425,8,8,0,5
42123,23.529411764705884,9,4,0,5
42125,0.0,1,13,45,2
42127,0.0,9,5,0,6
42129,0.0,0,14,86,2
42131,0.0,0,7,0,3
42133,0.0,4,16,70,3
44001,0.0,0,0,11,2
44003,0.0,0,3,36,2
44005,0.0,1,1,21,2
44007,0.0,0,4,137,1
44009,0.0,3,6,21,2
45001,0.0,3,3,0,5
45003,0.0,3,8,22,3
45005,0.0,2,1,0,6
45007,0.0,1,11,27,3
45009,0.0,4,0,0,6
45011,0.0,6,0,0,6
45013,0.0,6,16,19,4
45015,0.0,1,10,34,3
45017,0.0,1,2,0,3
45019,0.0,2,7,77,3
45021,0.0,6,7,0,5
45023,0.0,6,5,0,2
45025,0.0,6,4,0,6
45027,0.0,6,6,0,6
45029,0.0,5,5,0,6
45031,0.0,2,9,5,4
45033,0.0,6,0,0,6
45035,0.0,2,2,21,3
45037,0.0,1,4,1,3
45039,0.0,0,5,0,3
45041,0.0,4,7,22,4
45043,0.0,6,7,2,5
45045,0.0,0,31,80,3
45047,0.0,6,8,0,5
45049,11.11111111111111,2,3,0,6
45051,0.0,2,18,52,3
45053,0.0,1,4,0,4
45055,0.0,3,7,5,3
45057,0.0,6,6,2,2
45059,0.0,7,10,0,3
45061,0.0,4,3,0,6
45063,0.0,1,18,55,3
45065,0.0,2,1,0,6
45067,0.0,7,1,0,6
45069,0.0,4,3,0,5
45071,0.0,5,3,0,5
45073,0.0,8,7,0,5
45075,0.0,8,12,0,5
45077,0.0,0,8,20,3
45079,0.0,1,5,83,3
45081,0.0,4,1,0,3
45083,0.0,1,11,57,3
45085,0.0,0,4,19,4
45087,0.0,4,5,0,3
45089,0.0,11,0,0,6
45091,0.0,7,5,34,2
46003,100.0,1,0,0,6
46005,100.0,2,4,0,5
46007,100.0,2,0,0,6
46009,100.0,2,0,0,6
46011,27.272727272727273,2,4,0,5
46013,100.0,2,6,0,5
46015,100.0,2,0,0,6
46017,100.0,1,0,0,6
46019,0.0,2,0,0,6
46021,100.0,1,0,0,6
46023,100.0,3,0,0,6
46025,100.0,1,0,0,6
46027,0.0,1,2,0,5
46029,100.0,2,5,0,5
46031,100.0,2,0,0,6
46033,16.666666666666668,1,1,0,4
46035,66.66666666666667,1,3,0,5
46037,100.0,3,0,0,6
46039,88.88888888888889,2,0,0,6
46041,100.0,2,0,0,6
46043,100.0,1,0,0,6
46045,100.0,2,0,0,5
46047,66.66666666666667,2,0,0,6
46049,100.0,1,0,0,6
46051,100.0,2,0,0,6
46053,100.0,2,0,0,6
46055,100.0,1,0,0,6
46057,100.0,2,0,0,6
46059,100.0,2,0,0,6
46061,0.0,1,0,0,5
46063,100.0,1,0,0,6
46065,100.0,1,3,0,5
46067,33.333333333333336,3,0,0,6
46069,100.0,1,0,0,6
46071,100.0,2,0,0,6
46073,100.0,1,0,0,6
46075,100.0,1,0,0,6
46077,90.0,2,0,0,6
46079,8.333333333333334,3,0,0,6
46081,0.0,2,3,0,5
46083,0.0,2,6,3,4
46085,100.0,2,0,0,6
46087,0.0,1,1,0,4
46089,100.0,1,0,0,6
46091,100.0,1,0,0,6
46093,31.57894736842105,3,1,1,4
46095,100.0,1,0,0,6
46097,37.5,1,0,0,6
46099,0.0,0,8,34,4
46101,0.0,2,0,0,6
46103,0.0,2,2,19,4
46105,100.0,1,0,0,6
46107,100.0,1,0,0,6
46109,75.0,4,0,0,6
46111,100.0,1,0,0,6
46113,85.71428571428571,3,0,0,6
46115,100.0,3,0,0,6
46117,100.0,0,1,0,5
46119,100.0,1,0,0,5
46121,100.0,1,1,0,6
46123,100.0,2,0,0,6
46125,0.0,2,0,0,4
46127,0.0,2,0,1,4
46129,100.0,2,0,0,6
46135,30.0,2,3,0,5
46137,100.0,1,0,0,6
47001,0.0,1,4,13,3
47003,0.0,5,4,0,5
47005,25.0,5,0,0,6
47007,0.0,2,1,0,6
47009,0.0,1,6,21,3
47011,0.0,0,3,16,4
47013,0.0,2,9,0,3
47015,0.0,0,3,0,2
47017,0.0,8,0,0,6
47019,0.0,0,6,11,4
47021,0.0,0,9,0,2
47023,0.0,2,1,0,4
47025,0.0,7,2,0,6
47027,85.71428571428571,2,0,0,6
47029,0.0,6,3,0,5
47031,0.0,5,7,0,5
47033,0.0,1,4,0,4
47035,10.0,8,6,0,5
47037,0.0,2,4,155,1
47039,0.0,4,0,0,6
47041,9.090909090909092,4,0,0,6
47043,0.0,2,8,0,2
47045,12.5,4,4,0,5
47047,0.0,0,11,0,2
47049,50.0,4,0,0,6
47051,0.0,7,2,0,5
47053,0.0,13,1,0,6
47055,0.0,7,1,0,6
47057,0.0,0,5,0,3
47059,0.0,9,6,0,5
47061,0.0,4,0,0,6
47063,0.0,0,1,11,4
47065,0.0,0,6,76,3
47067,0.0,0,2,0,6
47069,0.0,5,1,0,6
47071,15.384615384615385,6,0,0,6
47073,0.0,4,4,5,3
47075,0.0,6,0,0,6
47077,0.0,6,0,0,6
47079,55.55555555555556,6,3,0,5
47081,7.6923076923076925,4,2,0,2
47083,0.0,1,2,0,6
47085,0.0,5,0,0,6
47087,40.0,4,0,0,5
47089,0.0,3,4,2,4
47091,0.0,5,0,0,6
47093,0.0,0,8,104,3
47095,100.0,2,0,0,6
47097,0.0,9,0,0,6
47099,0.0,7,4,0,5
47101,33.333333333333336,2,0,0,6
47103,0.0,9,0,0,6
47105,0.0,0,3,7,3
47107,0.0,4,6,0,5
47109,0.0,7,0,0,6
47111,12.5,3,1,0,2
47113,0.0,1,7,19,4
47115,0.0,3,3,0,3
47117,0.0,1,5,0,5
47119,0.0,4,13,0,2
47121,0.0,2,1,0,6
47123,0.0,6,1,0,6
47125,0.0,0,4,35,3
47127,0.0,2,0,0,5
47129,0.0,0,5,0,3
47131,45.45454545454545,7,3,0,5
47133,76.92307692307692,7,0,0,5
47135,50.0,1,1,0,6
47137,100.0,1,0,0,6
47139,0.0,1,4,0,4
47141,11.11111111111111,5,10,0,5
47143,0.0,3,3,0,5
47145,0.0,1,9,1,3
47147,0.0,1,9,4,2
47149,0.0,0,4,45,2
47151,12.5,3,2,0,6
47153,0.0,0,3,0,3
47155,0.0,8,7,3,5
47157,0.0,2,4,215,1
47159,0.0,5,0,0,2
47161,0.0,3,2,0,6
47163,0.0,0,6,33,3
47165,0.0,0,15,27,2
47167,0.0,3,10,0,2
47169,0.0,1,1,0,2
47171,0.0,2,2,0,4
47173,0.0,0,4,0,3
47175,16.666666666666668,2,0,0,6
47177,0.0,5,4,0,5
47179,0.0,0,5,18,4
47181,30.0,3,1,0,6
47183,46.15384615384615,7,4,0,5
47185,40.0,6,0,0,6
47187,0.0,0,7,30,2
47189,0.0,3,10,8,2
48001,0.0,6,5,0,5
48003,0.0,0,4,0,5
48005,100.0,6,11,0,5
48007,0.0,1,5,0,3
48009,0.0,0,2,1,4
48011,0.0,0,1,0,3
48013,0.0,0,8,0,2
48015,0.0,6,0,0,2
48017,33.333333333333336,1,0,0,6
48019,14.285714285714286,1,4,0,2
48021,0.0,0,10,0,2
48023,0.0,1,0,0,6
48025,0.0,3,4,0,5
48027,0.0,3,5,57,3
48029,0.0,3,13,350,1
48031,0.0,2,0,0,6
48033,25.0,1,0,0,6
48035,0.0,4,3,0,6
48037,0.0,1,6,11,4
48039,0.0,1,12,38,2
48041,0.0,1,3,38,4
48043,100.0,3,0,0,6
48045,50.0,1,0,0,6
48047,0.0,2,0,0,6
48049,50.0,4,8,0,5
48051,0.0,1,4,0,4
48053,0.0,6,2,0,6
48055,0.0,1,6,1,2
48057,0.0,3,3,0,5
48059,0.0,0,3,0,4
48061,0.0,2,6,79,3
48063,0.0,3,0,0,6
48065,0.0,1,1,0,3
48067,0.0,6,1,0,6
48069,0.0,3,0,0,6
48071,0.0,2,4,1,2
48073,0.0,6,6,0,5
48075,100.0,2,0,0,6
48077,0.0,0,3,0,4
48079,0.0,1,0,0,6
48081,0.0,1,1,0,6
48083,8.333333333333334,3,0,0,6
48085,0.0,0,33,119,1
48087,100.0,1,0,0,6
48089,0.0,5,0,0,6
48091,0.0,0,11,13,2
48093,88.88888888888889,4,0,0,6
48095,0.0,0,1,0,6
48097,0.0,3,5,0,5
48099,0.0,3,4,12,3
48101,100.0,1,0,0,6
48103,0.0,1,0,0,6
48105,100.0,1,0,0,6
48107,0.0,1,2,0,3
48109,100.0,1,0,0,6
48111,100.0,2,0,0,6
48113,0.0,1,0,528,1
48115,0.0,1,3,0,5
48117,0.0,1,3,0,5
48119,0.0,2,0,0,6
48121,0.0,0,8,129,2
48123,0.0,5,0,0,6
48125,0.0,1,0,0,6
48127,75.0,2,0,0,6
48129,0.0,2,0,0,6
48131,25.0,3,0,0,6
48133,20.0,5,0,0,6
48135,0.0,0,2,26,4
48137,100.0,1,0,0,6
48139,0.0,0,12,19,2
48141,0.0,1,5,155,3
48143,36.36363636363637,5,3,0,5
48145,0.0,2,4,0,3
48147,0.0,7,2,0,6
48149,0.0,7,0,0,6
48151,0.0,2,0,0,6
48153,0.0,2,0,0,6
48155,100.0,1,0,0,6
48157,0.0,0,5,71,2
48159,0.0,3,0,0,6
48161,14.285714285714286,7,0,0,6
48163,0.0,3,0,0,6
48165,0.0,3,0,0,6
48167,0.0,3,47,17,2
48169,0.0,1,0,0,6
48171,42.857142857142854,2,3,0,5
48173,0.0,1,0,0,5
48175,0.0,1,1,0,4
48177,0.0,6,0,0,6
48179,0.0,1,6,0,5
48181,0.0,3,6,17,4
48183,0.0,0,4,21,4
48185,0.0,1,5,0,6
48187,0.0,3,9,17,2
48189,0.0,2,7,0,5
48191,100.0,1,0,0,6
48193,40.0,3,0,0,6
48195,100.0,2,0,0,6
48197,50.0,1,0,0,6
48199,0.0,1,6,4,3
48201,0.0,0,4,782,1
48203,0.0,2,11,1,5
48205,66.66666666666667,1,0,0,6
48207,0.0,2,0,0,6
48209,0.0,2,5,18,2
48211,100.0,1,0,0,6
48213,0.0,8,9,0,5
48215,0.0,1,3,109,3
48217,0.0,7,4,0,6
48219,0.0,1,6,0,5
48221,0.0,1,9,0,2
48223,12.5,5,4,0,5
48225,50.0,7,0,0,6
48227,0.0,2,8,0,5
48229,25.0,0,1,0,3
48231,0.0,7,12,0,2
48233,0.0,1,6,0,5
48235,0.0,0,1,0,4
48237,0.0,3,0,0,6
48239,0.0,1,2,0,6
48241,16.666666666666668,6,2,0,6
48243,100.0,1,0,0,6
48245,0.0,2,3,68,3
48247,50.0,2,0,0,6
48249,0.0,2,5,0,5
48251,0.0,1,17,10,2
48253,0.0,4,2,0,4
48255,0.0,3,1,0,6
48257,0.0,1,17,0,2
48259,0.0,1,5,0,2
48261,0.0,2,0,0,5
48263,100.0,1,0,0,6
48265,16.666666666666668,3,7,0,5
48267,80.0,2,0,0,6
48269,100.0,1,0,0,6
48271,100.0,1,0,0,6
48273,0.0,2,4,0,5
48275,40.0,2,0,0,6
48277,46.15384615384615,4,8,0,5
48279,0.0,5,0,0,6
48281,0.0,3,2,0,3
48283,0.0,1,0,0,6
48285,0.0,6,0,0,6
48287,0.0,3,1,0,6
48289,12.5,3,0,0,6
48291,0.0,5,9,0,2
48293,0.0,7,1,0,6
48295,100.0,2,0,0,6
48297,0.0,2,2,0,6
48299,22.22222222222222,6,0,0,6
48301,0.0,0,1,0,6
48303,0.0,1,7,60,3
48305,0.0,1,2,0,3
48307,66.66666666666667,3,0,0,6
48309,0.0,1,12,38,3
48311,50.0,1,0,0,6
48313,0.0,3,1,0,6
48315,0.0,2,2,0,6
48317,0.0,0,2,0,4
48319,85.71428571428571,2,0,0,6
48321,0.0,5,6,0,5
48323,100.0,0,9,0,5
48325,0.0,3,5,0,2
48327,60.0,1,0,0,6
48329,0.0,1,1,25,4
48331,0.0,5,2,0,6
48333,50.0,2,0,0,6
48335,0.0,2,0,0,6
48337,0.0,6,0,0,6
48339,0.0,1,13,45,2
48341,0.0,2,2,0,5
48343,0.0,3,0,0,6
48345,66.66666666666667,1,0,0,6
48347,25.0,5,8,0,5
48349,0.0,4,6,0,5
48351,14.285714285714286,1,3,0,3
48353,16.666666666666668,2,3,0,5
48355,0.0,3,6,73,3
48357,100.0,3,0,0,6
48359,0.0,1,0,0,3
48361,0.0,0,6,15,3
48363,0.0,3,6,0,5
48365,0.0,4,2,0,6
48367,0.0,1,15,3,2
48369,50.0,2,0,0,6
48371,60.0,4,0,0,6
48373,0.0,8,2,0,6
48375,0.0,1,1,32,3
48377,100.0,2,0,0,6
48379,0.0,2,0,0,6
48381,0.0,0,6,23,3
48383,0.0,1,0,0,6
48385,100.0,1,0,0,6
48387,57.142857142857146,4,0,0,6
48389,50.0,1,4,0,5
48391,0.0,2,0,0,6
48393,100.0,1,0,0,6
48395,0.0,1,4,0,4
48397,0.0,0,0,11,2
48399,0.0,3,1,0,6
48401,0.0,5,8,0,4
48403,100.0,2,1,0,6
48405,100.0,3,0,0,6
48407,0.0,1,3,0,6
48409,0.0,3,8,5,3
48411,40.0,2,0,0,6
48413,0.0,1,0,0,6
48415,28.571428571428573,1,3,0,5
48417,0.0,1,0,0,6
48419,20.0,6,0,0,6
48421,100.0,1,0,0,6
48423,0.0,0,9,32,4
48425,0.0,0,2,0,2
48427,0.0,1,14,0,5
48429,14.285714285714286,3,0,0,6
48431,0.0,1,0,0,6
48433,0.0,1,0,0,6
48435,50.0,1,0,0,6
48437,0.0,2,1,0,6
48439,0.0,0,1,356,1
48441,0.0,2,3,33,4
48443,100.0,1,0,0,6
48445,0.0,3,0,0,6
48447,0.0,1,0,0,6
48449,0.0,3,5,0,5
48451,0.0,0,3,22,4
48453,0.0,1,12,205,1
48455,50.0,5,0,0,5
48457,0.0,3,2,0,6
48459,0.0,1,5,1,4
48461,0.0,2,0,0,6
48463,60.0,1,4,0,5
48465,100.0,0,10,0,5
48467,0.0,2,8,0,6
48469,0.0,1,5,17,4
48471,0.0,4,6,0,5
48473,0.0,1,4,1,2
48475,0.0,3,0,0,6
48477,0.0,2,4,0,5
48479,0.0,0,5,56,3
48481,0.0,6,5,0,5
48483,100.0,2,0,0,6
48485,0.0,2,4,31,4
48487,0.0,1,3,0,5
48489,0.0,1,5,0,5
48491,0.0,0,15,74,2
48493,0.0,0,11,0,2
48495,0.0,3,0,0,6
48497,0.0,7,4,0,2
48499,0.0,10,0,0,6
48501,50.0,2,0,0,6
48503,14.285714285714286,4,0,0,6
48505,0.0,0,3,0,5
48507,100.0,4,0,0,6
49001,100.0,2,0,0,6
49003,13.333333333333334,3,1,7,3
49005,0.0,0,3,23,4
49007,75.0,1,4,0,5
49009,100.0,1,0,0,6
49011,0.0,0,0,54,3
49013,100.0,3,0,0,6
49015,100.0,3,0,0,6
49017,100.0,2,0,0,6
49019,100.0,2,0,0,6
49021,22.22222222222222,1,7,0,5
49023,0.0,1,1,0,3
49025,100.0,2,0,0,6
49027,100.0,3,0,0,6
49029,0.0,0,2,0,3
49031,100.0,1,0,0,6
49033,50.0,1,0,0,6
49035,0.0,1,0,211,1
49037,100.0,4,0,0,6
49039,50.0,5,0,0,6
49041,100.0,5,0,0,6
49043,0.0,4,9,0,5
49045,28.571428571428573,3,8,0,2
49047,100.0,2,4,0,5
49049,0.0,1,7,120,3
49051,0.0,0,4,0,5
49053,0.0,0,5,16,4
49055,100.0,1,0,0,6
49057,0.0,0,1,49,3
50001,5.0,6,4,0,6
50003,14.285714285714286,8,4,0,5
50005,84.0,10,0,0,6
50007,0.0,1,7,27,4
50009,100.0,3,0,0,5
50011,0.0,8,2,0,4
50013,0.0,0,2,0,4
50015,0.0,6,1,0,6
50017,61.76470588235294,10,0,0,5
50019,70.0,10,0,0,6
50021,28.571428571428573,14,6,0,5
50023,7.6923076923076925,11,8,0,5
50025,26.923076923076923,18,0,0,6
50027,97.05882352941177,16,2,0,5
51001,28.0,12,0,0,6
51003,0.0,0,10,12,4
51005,0.0,5,1,0,6
51007,0.0,0,2,0,2
51009,0.0,1,3,5,3
51011,0.0,1,2,0,3
51013,0.0,0,0,59,1
51015,0.0,1,10,2,4
51017,0.0,1,0,0,6
51019,0.0,3,11,2,3
51021,0.0,1,1,0,6
51023,0.0,0,5,3,3
51025,0.0,5,0,0,6
51027,50.0,7,0,0,6
51029,0.0,0,4,0,4
51031,0.0,1,6,5,3
51033,0.0,3,4,0,2
51035,0.0,7,0,0,6
51036,0.0,0,3,0,2
51037,38.46153846153846,3,0,0,6
51041,0.0,0,1,70,2
51043,0.0,0,3,0,2
51045,0.0,0,1,0,3
51047,0.0,4,4,0,2
51049,0.0,1,1,0,6
51051,0.0,4,0,0,5
51053,0.0,1,4,2,2
51057,0.0,1,2,0,6
51059,0.0,1,3,254,2
51061,0.0,0,12,5,2
51063,0.0,1,2,0,4
51065,0.0,0,4,0,4
51067,0.0,1,9,0,3
51069,0.0,0,6,8,4
51071,0.0,0,4,0,4
51073,0.0,0,5,3,2
51075,0.0,1,4,0,2
51077,0.0,5,0,0,6
51079,0.0,0,3,0,4
51081,0.0,3,0,0,6
51083,15.384615384615385,9,0,0,6
51085,0.0,0,9,14,2
51087,0.0,1,2,61,2
51089,0.0,6,8,0,5
51091,16.666666666666668,1,0,0,6
51093,0.0,0,7,1,2
51095,0.0,0,1,10,2
51097,0.0,1,1,0,6
51099,0.0,4,1,0,6
51101,0.0,1,3,0,2
51103,16.666666666666668,4,0,0,6
51105,0.0,5,1,0,6
51107,0.0,0,10,55,2
51109,0.0,3,3,0,6
51111,23.076923076923077,2,1,0,6
51113,0.0,2,0,0,6
51115,0.0,1,2,0,2
51117,38.46153846153846,9,0,0,6
51119,0.0,4,1,0,6
51121,0.0,0,3,13,4
51125,0.0,1,2,0,4
51127,0.0,0,3,0,2
51131,0.0,4,0,0,6
51133,66.66666666666667,4,0,0,6
51135,0.0,1,3,0,6
51137,0.0,3,2,0,6
51139,0.0,4,1,0,6
51141,0.0,4,0,0,6
51143,0.0,14,2,0,5
51145,0.0,0,5,0,2
51147,0.0,5,0,0,6
51149,0.0,0,2,5,2
51153,0.0,1,3,79,2
51155,0.0,1,8,1,4
51157,0.0,1,1,0,2
51159,50.0,2,0,0,6
51161,0.0,0,2,16,3
51163,0.0,4,0,0,6
51165,0.0,0,15,4,4
51167,0.0,1,6,0,6
51169,0.0,0,4,2,3
51171,0.0,8,1,0,6
51173,0.0,9,0,0,6
51175,0.0,4,1,0,6
51177,0.0,1,7,22,2
51179,0.0,0,4,23,2
51181,0.0,2,0,0,6
51183,0.0,2,3,0,2
51185,7.6923076923076925,9,2,0,5
51187,0.0,2,6,0,2
51191,0.0,0,8,5,3
51193,33.333333333333336,4,0,0,6
51195,0.0,9,2,0,5
51197,0.0,6,0,0,6
51199,0.0,1,1,13,2
51510,0.0,0,0,38,1
51515,0.0,1,0,0,3
51520,0.0,0,0,4,3
51530,0.0,1,0,0,6
51540,0.0,0,0,12,4
51550,0.0,0,2,39,2
51570,0.0,0,0,5,2
51580,0.0,2,0,0,6
51590,0.0,1,15,0,5
51595,0.0,2,0,0,6
51600,0.0,0,0,5,2
51610,0.0,0,0,3,2
51620,0.0,2,0,0,6
51630,0.0,0,0,6,2
51640,0.0,2,0,0,6
51650,0.0,1,0,33,2
51660,0.0,0,0,11,4
51670,0.0,1,0,6,2
51678,0.0,1,0,0,6
51680,0.0,0,0,19,3
51683,0.0,0,0,7,2
51685,0.0,0,0,2,2
51690,0.0,0,5,0,5
51700,0.0,0,0,44,2
51710,0.0,2,0,79,1
51720,0.0,0,1,0,5
51730,0.0,0,0,11,2
51735,0.0,1,0,3,2
51740,0.0,0,0,31,2
51750,0.0,0,0,3,4
51760,0.0,0,0,66,1
51770,0.0,0,0,23,3
51775,0.0,0,0,5,3
51790,0.0,0,0,6,4
51800,0.0,0,8,20,2
51810,0.0,1,1,98,1
51820,0.0,0,0,5,4
51830,0.0,0,0,3,2
51840,0.0,0,0,5,4
53001,30.0,2,3,0,5
53003,0.0,0,0,6,4
53005,0.0,2,5,30,3
53007,11.11111111111111,3,4,7,4
53009,71.42857142857143,9,13,0,5
53011,0.0,0,11,93,2
53013,20.0,1,0,0,4
53015,0.0,0,8,16,4
53017,36.36363636363637,2,0,6,4
53019,100.0,3,0,0,6
53021,0.0,2,1,10,3
53023,0.0,1,0,0,6
53025,43.75,11,5,0,5
53027,61.111111111111114,7,10,0,5
53029,0.0,6,16,0,5
53031,11.11111111111111,8,0,0,6
53033,0.0,1,11,386,1
53035,0.0,1,6,48,3
53037,0.0,4,4,0,5
53039,71.42857142857143,2,1,0,6
53041,9.523809523809524,11,9,0,5
53043,29.41176470588235,3,1,0,6
53045,0.0,6,8,0,5
53047,93.75,10,0,0,6
53049,80.0,8,0,0,6
53051,28.571428571428573,3,2,0,3
53053,0.0,0,8,164,2
53055,100.0,5,0,0,6
53057,0.0,2,13,15,4
53059,0.0,2,3,0,2
53061,0.0,2,51,98,2
53063,0.0,0,12,93,3
53065,40.0,9,3,0,3
53067,0.0,1,12,37,3
53069,0.0,1,0,0,6
53071,0.0,0,1,11,4
53073,0.0,1,12,21,4
53075,15.789473684210526,4,6,0,5
53077,0.0,6,14,25,4
54001,0.0,4,0,0,6
54003,0.0,0,2,12,3
54005,0.0,0,8,0,4
54007,26.666666666666668,3,0,0,6
54009,0.0,0,2,4,4
54011,0.0,0,2,27,3
54013,0.0,1,1,0,6
54015,0.0,0,3,0,4
54017,0.0,2,0,0,5
54019,0.0,1,5,6,4
54021,11.11111111111111,2,0,0,6
54023,14.285714285714286,3,0,0,6
54025,0.0,7,0,0,6
54027,0.0,1,4,0,4
54029,0.0,0,4,4,4
54031,0.0,3,0,0,6
54033,0.0,6,16,0,5
54035,0.0,1,5,0,6
54037,0.0,1,14,0,2
54039,0.0,0,8,45,4
54041,37.5,5,0,0,6
54043,0.0,0,5,0,3
54045,7.6923076923076925,3,6,0,5
54047,50.0,7,1,0,6
54049,0.0,4,14,0,5
54051,0.0,0,2,7,4
54053,0.0,4,2,0,5
54055,0.0,3,13,0,5
54057,0.0,3,3,1,4
54059,54.54545454545455,7,0,0,6
54061,0.0,0,5,19,4
54063,0.0,3,0,0,6
54065,0.0,3,1,0,6
54067,0.0,6,1,0,6
54069,0.0,0,2,16,4
54071,25.0,1,2,0,6
54073,0.0,0,2,0,6
54075,100.0,3,1,0,6
54077,0.0,4,4,0,4
54079,0.0,0,1,9,3
54081,0.0,0,3,14,4
54083,100.0,3,4,0,5
54085,0.0,0,3,0,6
54087,0.0,2,2,0,6
54089,0.0,2,2,0,6
54091,0.0,0,4,0,5
54093,42.857142857142854,3,0,0,6
54095,0.0,3,0,0,6
54097,87.5,6,0,0,6
54099,0.0,0,6,5,3
54101,57.142857142857146,3,0,0,6
54103,0.0,5,0,0,6
54105,0.0,0,2,0,4
54107,0.0,0,4,22,4
54109,0.0,0,6,0,6
55001,26.666666666666668,7,0,0,6
55003,100.0,8,0,0,6
55005,23.529411764705884,10,0,0,6
55007,53.84615384615385,6,0,0,6
55009,0.0,0,5,49,3
55011,0.0,5,0,0,6
55013,72.72727272727273,6,0,0,6
55015,0.0,5,0,6,4
55017,0.0,2,4,5,4
55019,0.0,8,0,0,6
55021,0.0,4,8,0,3
55023,27.272727272727273,6,0,0,6
55025,0.0,3,12,92,3
55027,0.0,11,9,0,5
55029,25.0,10,0,0,6
55031,9.090909090909092,1,3,9,3
55033,0.0,4,4,0,5
55035,0.0,1,2,17,4
55037,100.0,2,0,0,5
55039,0.0,3,5,12,4
55041,100.0,4,0,0,6
55043,4.761904761904762,8,4,0,5
55045,0.0,3,5,0,3
55047,0.0,6,0,0,6
55049,0.0,4,2,0,3
55051,100.0,4,0,0,6
55053,0.0,5,0,0,6
55055,0.0,6,13,1,5
55057,14.285714285714286,7,0,0,6
55059,0.0,2,7,27,2
55061,0.0,4,1,0,3
55063,0.0,0,3,22,4
55065,0.0,5,0,0,6
55067,16.666666666666668,6,0,0,6
55069,0.0,7,3,0,5
55071,0.0,7,13,0,5
55073,0.0,3,6,18,4
55075,47.05882352941177,9,4,0,5
55077,0.0,5,0,0,6
55078,0.0,2,0,0,5
55079,0.0,2,0,296,1
55081,0.0,9,0,0,6
55083,20.0,9,2,0,3
55085,53.333333333333336,14,0,0,6
55087,0.0,1,7,32,4
55089,0.0,1,3,15,2
55091,0.0,2,0,0,6
55093,0.0,5,3,0,2
55095,15.0,10,0,0,6
55097,0.0,4,10,0,5
55099,78.57142857142857,6,0,0,6
55101,0.0,4,7,34,4
55103,7.6923076923076925,5,0,0,6
55105,0.0,2,6,30,4
55107,28.571428571428573,5,0,0,6
55109,0.0,4,10,0,2
55111,5.882352941176471,10,3,0,5
55113,100.0,6,0,0,6
55115,0.0,8,3,0,5
55117,0.0,4,7,16,4
55119,6.666666666666667,6,0,0,6
55121,0.0,4,4,0,6
55123,5.882352941176471,5,2,0,6
55125,100.0,5,0,0,6
55127,0.0,5,17,0,5
55129,80.0,5,0,0,6
55131,0.0,0,4,24,2
55133,0.0,0,7,79,2
55135,0.0,11,1,0,6
55137,0.0,7,0,0,6
55139,0.0,0,5,36,4
55141,6.666666666666667,5,12,0,5
56001,54.54545454545455,1,9,0,5
56003,100.0,3,0,0,6
56005,100.0,1,6,0,5
56007,100.0,5,0,0,6
56009,40.0,3,1,0,6
56011,66.66666666666667,2,0,0,6
56013,100.0,7,3,0,5
56015,87.5,4,0,0,6
56017,100.0,2,0,0,6
56019,100.0,2,0,0,6
56021,0.0,1,3,17,4
56023,100.0,4,0,0,6
56025,14.285714285714286,0,2,16,4
56027,100.0,1,0,0,6
56029,100.0,5,0,0,6
56031,60.0,2,0,0,6
56033,100.0,2,4,0,5
56035,100.0,2,0,0,6
56037,100.0,1,11,0,5
56039,100.0,1,3,0,5
56041,75.0,1,2,0,5
56043,100.0,3,0,0,6
56045,100.0,2,0,0,6
